# English|French|Spanish|German|Japanese|Hindi|Simplified Chinese|Traditional Chinese|Portuguese (Brazil)|Italian|Korean
Language|Langue|Idioma|Sprache|言語|भाषा|语言|語言|Idioma|Lingua|언어
System language|Langue du système|Idioma del sistema|Systemsprache|システムの言語|सिस्टम की भाषा|系统语言|系統語言|Idioma do sistema|Lingua di sistema|시스템 언어
Changes apply immediately to all Typefield windows.|Les changements s’appliquent immédiatement à toutes les fenêtres Typefield.|Los cambios se aplican de inmediato a todas las ventanas de Typefield.|Änderungen gelten sofort für alle Typefield-Fenster.|変更はすべてのTypefieldウインドウにすぐに反映されます。|बदलाव सभी Typefield विंडो में तुरंत लागू होते हैं।|更改会立即应用到所有 Typefield 窗口。|變更會立即套用至所有 Typefield 視窗。|As alterações são aplicadas imediatamente a todas as janelas do Typefield.|Le modifiche si applicano subito a tutte le finestre di Typefield.|변경 사항은 모든 Typefield 윈도우에 즉시 적용됩니다.
Font names, preview text, and saved projects keep their original content.|Les noms des polices, le texte d’aperçu et les projets enregistrés conservent leur contenu original.|Los nombres de las fuentes, el texto de vista previa y los proyectos guardados conservan su contenido original.|Schriftnamen, Vorschautext und gespeicherte Projekte behalten ihren ursprünglichen Inhalt.|フォント名、プレビューテキスト、保存済みプロジェクトの内容は変わりません。|फ़ॉन्ट के नाम, प्रीव्यू टेक्स्ट और सहेजे गए प्रोजेक्ट का मूल कंटेंट नहीं बदलता।|字体名称、预览文本和已保存的项目会保留原始内容。|字體名稱、預覽文字和已儲存的專案會保留原始內容。|Nomes de fontes, texto de prévia e projetos salvos mantêm o conteúdo original.|I nomi dei font, il testo di anteprima e i progetti salvati mantengono il contenuto originale.|서체 이름, 미리보기 텍스트, 저장된 프로젝트의 원래 내용은 유지됩니다.
Some advanced tools and system dialogs may still appear in English or your macOS language.|Certains outils avancés et dialogues système peuvent encore apparaître en anglais ou dans la langue de macOS.|Algunas herramientas avanzadas y cuadros del sistema pueden seguir en inglés o en el idioma de macOS.|Einige erweiterte Werkzeuge und Systemdialoge erscheinen möglicherweise noch auf Englisch oder in der macOS-Sprache.|一部の高度なツールやシステムダイアログは、英語またはmacOSの言語で表示される場合があります。|कुछ उन्नत टूल और सिस्टम डायलॉग अभी भी अंग्रेज़ी या macOS की भाषा में दिख सकते हैं।|部分高级工具和系统对话框可能仍以英语或 macOS 的语言显示。|部分進階工具和系統對話框可能仍以英語或 macOS 的語言顯示。|Algumas ferramentas avançadas e caixas do sistema ainda podem aparecer em inglês ou no idioma do macOS.|Alcuni strumenti avanzati e finestre di sistema potrebbero ancora apparire in inglese o nella lingua di macOS.|일부 고급 도구와 시스템 대화상자는 영어 또는 macOS 언어로 표시될 수 있습니다.
Settings|Réglages|Ajustes|Einstellungen|設定|सेटिंग्स|设置|設定|Ajustes|Impostazioni|설정
Appearance|Apparence|Apariencia|Erscheinungsbild|外観|दिखावट|外观|外觀|Aparência|Aspetto|모양
App Icon|Icône de l’app|Icono de la app|App-Symbol|アプリアイコン|ऐप आइकन|应用图标|App 圖像|Ícone do app|Icona dell’app|앱 아이콘
Live Folders|Dossiers suivis|Carpetas supervisadas|Überwachte Ordner|監視フォルダ|निगरानी वाले फ़ोल्डर|监控文件夹|監控檔案夾|Pastas monitoradas|Cartelle monitorate|모니터링 폴더
Library|Bibliothèque|Biblioteca|Bibliothek|ライブラリ|लाइब्रेरी|字体库|字體庫|Biblioteca|Libreria|라이브러리
Keyboard Shortcuts|Raccourcis clavier|Atajos de teclado|Tastaturkurzbefehle|キーボードショートカット|कीबोर्ड शॉर्टकट|键盘快捷键|鍵盤快捷鍵|Atalhos de teclado|Scorciatoie da tastiera|키보드 단축키
Privacy & Permissions|Confidentialité et autorisations|Privacidad y permisos|Datenschutz & Berechtigungen|プライバシーとアクセス権|गोपनीयता और अनुमतियाँ|隐私与权限|隱私權與權限|Privacidade e permissões|Privacy e autorizzazioni|개인정보 및 권한
Updates|Mises à jour|Actualizaciones|Updates|アップデート|अपडेट|更新|更新|Atualizações|Aggiornamenti|업데이트
About Typefield|À propos de Typefield|Acerca de Typefield|Über Typefield|Typefieldについて|Typefield के बारे में|关于 Typefield|關於 Typefield|Sobre o Typefield|Informazioni su Typefield|Typefield 정보
Typefield Settings|Réglages de Typefield|Ajustes de Typefield|Typefield-Einstellungen|Typefieldの設定|Typefield सेटिंग्स|Typefield 设置|Typefield 設定|Ajustes do Typefield|Impostazioni di Typefield|Typefield 설정
System|Système|Sistema|System|システム|सिस्टम|系统|系統|Sistema|Sistema|시스템
Light|Clair|Claro|Hell|ライト|हल्का|浅色|淺色|Claro|Chiaro|라이트
Dark|Sombre|Oscuro|Dunkel|ダーク|गहरा|深色|深色|Escuro|Scuro|다크
Accent color|Couleur d’accentuation|Color de acento|Akzentfarbe|アクセントカラー|एक्सेंट रंग|强调色|強調色|Cor de destaque|Colore di accento|강조 색상
Choose a light or dark workspace. Font previews and saved typeboards keep their own colors.|Choisissez un espace clair ou sombre. Les aperçus et les planches enregistrées conservent leurs couleurs.|Elige un espacio claro u oscuro. Las vistas previas y los tableros guardados conservan sus colores.|Wähle einen hellen oder dunklen Arbeitsbereich. Schriftvorschauen und gespeicherte Typografie-Boards behalten ihre Farben.|明るい作業画面か暗い作業画面を選びます。フォントのプレビューと保存済みボードの色は変わりません。|हल्का या गहरा कार्यक्षेत्र चुनें। फ़ॉन्ट प्रीव्यू और सहेजे गए टाइपबोर्ड अपने रंग बनाए रखते हैं।|选择浅色或深色工作区。字体预览和已保存的排版板会保留各自的颜色。|選擇淺色或深色工作區。字體預覽和已儲存的排版板會保留各自的顏色。|Escolha um espaço claro ou escuro. Prévias de fontes e painéis salvos mantêm suas cores.|Scegli uno spazio chiaro o scuro. Le anteprime e le tavole salvate mantengono i propri colori.|밝거나 어두운 작업 공간을 선택하세요. 서체 미리보기와 저장된 타이포보드는 원래 색상을 유지합니다.
Accent colors highlight selections and controls. The workspace stays neutral.|Les couleurs d’accentuation mettent en évidence les sélections et les commandes. L’espace reste neutre.|Los colores de acento resaltan selecciones y controles. El espacio permanece neutro.|Akzentfarben heben Auswahl und Bedienelemente hervor. Der Arbeitsbereich bleibt neutral.|アクセントカラーで選択項目や操作部を強調します。作業画面の色はニュートラルのままです。|एक्सेंट रंग चयन और कंट्रोल को हाइलाइट करते हैं। कार्यक्षेत्र तटस्थ रहता है।|强调色用于突出选区和控件。工作区保持中性色。|強調色用於突顯選取項目和控制項。工作區保持中性色。|As cores de destaque realçam seleções e controles. O espaço permanece neutro.|I colori di accento evidenziano selezioni e controlli. Lo spazio rimane neutro.|강조 색상은 선택 항목과 컨트롤을 강조합니다. 작업 공간은 중립적인 색상을 유지합니다.
Motion and transparency follow your macOS Accessibility settings.|Les animations et la transparence suivent les réglages d’accessibilité de macOS.|El movimiento y la transparencia siguen los ajustes de accesibilidad de macOS.|Bewegung und Transparenz folgen den macOS-Bedienungshilfen.|動きと透明度はmacOSのアクセシビリティ設定に従います。|गतिविधि और पारदर्शिता macOS की ऐक्सेसिबिलिटी सेटिंग्स का पालन करती हैं।|动画和透明度遵循 macOS 辅助功能设置。|動畫和透明度遵循 macOS 輔助使用設定。|Movimento e transparência seguem os ajustes de acessibilidade do macOS.|Movimento e trasparenza seguono le impostazioni di accessibilità di macOS.|동작과 투명도는 macOS 손쉬운 사용 설정을 따릅니다.
Choose a color for Typefield’s Dock icon.|Choisissez une couleur pour l’icône de Typefield dans le Dock.|Elige un color para el icono de Typefield en el Dock.|Wähle eine Farbe für das Typefield-Symbol im Dock.|Dockに表示するTypefieldアイコンの色を選びます。|Typefield के Dock आइकन का रंग चुनें।|为 Typefield 的程序坞图标选择颜色。|為 Typefield 的 Dock 圖像選擇顏色。|Escolha uma cor para o ícone do Typefield no Dock.|Scegli un colore per l’icona di Typefield nel Dock.|Dock에 표시할 Typefield 아이콘의 색상을 선택하세요.
Icon appearance|Apparence de l’icône|Apariencia del icono|Symboldarstellung|アイコンの外観|आइकन की दिखावट|图标外观|圖像外觀|Aparência do ícone|Aspetto dell’icona|아이콘 모양
Follow app|Comme l’app|Seguir la app|Wie die App|アプリに合わせる|ऐप के अनुसार|跟随应用|跟隨 App|Seguir o app|Segui l’app|앱 설정 따르기
Icon color|Couleur de l’icône|Color del icono|Symbolfarbe|アイコンの色|आइकन का रंग|图标颜色|圖像顏色|Cor do ícone|Colore dell’icona|아이콘 색상
Font previews|Aperçus des polices|Vistas previas de fuentes|Schriftvorschauen|フォントのプレビュー|फ़ॉन्ट प्रीव्यू|字体预览|字體預覽|Prévias de fontes|Anteprime dei font|서체 미리보기
Default preview text|Texte d’aperçu par défaut|Texto de vista previa predeterminado|Standard-Vorschautext|デフォルトのプレビューテキスト|डिफ़ॉल्ट प्रीव्यू टेक्स्ट|默认预览文本|預設預覽文字|Texto de prévia padrão|Testo di anteprima predefinito|기본 미리보기 텍스트
Preview size|Taille de l’aperçu|Tamaño de vista previa|Vorschaugröße|プレビューサイズ|प्रीव्यू का आकार|预览大小|預覽大小|Tamanho da prévia|Dimensione anteprima|미리보기 크기
Use a grid for the font library|Afficher la bibliothèque en grille|Usar una cuadrícula para la biblioteca|Schriftbibliothek als Raster anzeigen|フォントライブラリをグリッド表示|फ़ॉन्ट लाइब्रेरी में ग्रिड इस्तेमाल करें|以网格显示字体库|以網格顯示字體庫|Usar grade na biblioteca de fontes|Usa una griglia per la libreria|서체 라이브러리를 격자로 표시
Library backup|Sauvegarde de la bibliothèque|Copia de seguridad de la biblioteca|Bibliothekssicherung|ライブラリのバックアップ|लाइब्रेरी बैकअप|字体库备份|字體庫備份|Backup da biblioteca|Backup della libreria|라이브러리 백업
Export Library Backup|Exporter une sauvegarde|Exportar copia de seguridad|Bibliothekssicherung exportieren|ライブラリのバックアップを書き出す|लाइब्रेरी बैकअप एक्सपोर्ट करें|导出字体库备份|輸出字體庫備份|Exportar backup da biblioteca|Esporta backup della libreria|라이브러리 백업 내보내기
Import Library Backup|Importer une sauvegarde|Importar copia de seguridad|Bibliothekssicherung importieren|ライブラリのバックアップを読み込む|लाइब्रेरी बैकअप इम्पोर्ट करें|导入字体库备份|輸入字體庫備份|Importar backup da biblioteca|Importa backup della libreria|라이브러리 백업 가져오기
Show Library Data in Finder|Afficher les données dans le Finder|Mostrar datos de la biblioteca en Finder|Bibliotheksdaten im Finder zeigen|ライブラリのデータをFinderで表示|लाइब्रेरी डेटा Finder में दिखाएँ|在访达中显示字体库数据|在 Finder 中顯示字體庫資料|Mostrar dados da biblioteca no Finder|Mostra i dati della libreria nel Finder|Finder에서 라이브러리 데이터 보기
Export collections, tags, notes, live-folder references, Spaces, and Letterform Editor projects. Font binaries are not included.|Exportez les collections, étiquettes, notes, références de dossiers, Spaces et projets de lettres. Les fichiers de polices ne sont pas inclus.|Exporta colecciones, etiquetas, notas, referencias de carpetas, Spaces y proyectos de letras. No incluye los archivos de fuentes.|Exportiert Sammlungen, Tags, Notizen, Ordnerverweise, Spaces und Buchstabenprojekte. Schriftdateien sind nicht enthalten.|コレクション、タグ、メモ、監視フォルダの参照、Spaces、文字エディタのプロジェクトを書き出します。フォントファイルは含みません。|कलेक्शन, टैग, नोट्स, निगरानी फ़ोल्डर के संदर्भ, Spaces और अक्षर संपादक प्रोजेक्ट एक्सपोर्ट करें। फ़ॉन्ट फ़ाइलें शामिल नहीं हैं।|导出收藏集、标签、备注、监控文件夹引用、Spaces 和字形编辑器项目。不包含字体文件。|輸出收藏集、標籤、備註、監控檔案夾參照、Spaces 和字形編輯器專案。不包含字體檔案。|Exporte coleções, etiquetas, notas, referências de pastas, Spaces e projetos de letras. Os arquivos de fontes não são incluídos.|Esporta raccolte, tag, note, riferimenti alle cartelle, Spaces e progetti di lettere. I file dei font non sono inclusi.|모음, 태그, 메모, 모니터링 폴더 참조, Spaces 및 글자 편집기 프로젝트를 내보냅니다. 서체 파일은 포함되지 않습니다.
Your library stays in its existing storage location. Changing appearance does not move or modify fonts.|La bibliothèque reste à son emplacement actuel. Changer l’apparence ne déplace ni ne modifie les polices.|La biblioteca permanece en su ubicación actual. Cambiar la apariencia no mueve ni modifica las fuentes.|Die Bibliothek bleibt am bisherigen Speicherort. Änderungen am Erscheinungsbild verschieben oder verändern keine Schriften.|ライブラリの保存場所は変わりません。外観の変更でフォントが移動・変更されることはありません。|लाइब्रेरी अपने मौजूदा स्थान पर रहती है। दिखावट बदलने से फ़ॉन्ट न स्थानांतरित होते हैं, न बदलते हैं।|字体库保留在现有位置。更改外观不会移动或修改字体。|字體庫保留在現有位置。變更外觀不會移動或修改字體。|Sua biblioteca permanece no local atual. Alterar a aparência não move nem modifica as fontes.|La libreria rimane nella posizione attuale. Cambiare aspetto non sposta né modifica i font.|라이브러리는 기존 위치에 유지됩니다. 모양을 변경해도 서체는 이동하거나 수정되지 않습니다.
Check for Updates|Rechercher des mises à jour|Buscar actualizaciones|Nach Updates suchen|アップデートを確認|अपडेट की जाँच करें|检查更新|檢查更新|Buscar atualizações|Verifica aggiornamenti|업데이트 확인
Keep Typefield up to date.|Gardez Typefield à jour.|Mantén Typefield actualizado.|Halte Typefield aktuell.|Typefieldを最新の状態に保ちましょう。|Typefield को अपडेट रखें।|让 Typefield 保持最新。|讓 Typefield 保持最新。|Mantenha o Typefield atualizado.|Mantieni Typefield aggiornato.|Typefield를 최신 상태로 유지하세요.
Automatically check for updates|Rechercher automatiquement les mises à jour|Buscar actualizaciones automáticamente|Automatisch nach Updates suchen|アップデートを自動確認|अपने आप अपडेट की जाँच करें|自动检查更新|自動檢查更新|Buscar atualizações automaticamente|Verifica automaticamente gli aggiornamenti|자동으로 업데이트 확인
Automatically download and install updates|Télécharger et installer automatiquement|Descargar e instalar actualizaciones automáticamente|Updates automatisch laden und installieren|アップデートを自動でダウンロードしてインストール|अपडेट अपने आप डाउनलोड और इंस्टॉल करें|自动下载并安装更新|自動下載並安裝更新|Baixar e instalar atualizações automaticamente|Scarica e installa automaticamente gli aggiornamenti|자동으로 업데이트 다운로드 및 설치
Take the Tour|Faire la visite|Iniciar el recorrido|Einführung starten|使い方を見る|परिचय देखें|开始导览|開始導覽|Fazer o tour|Avvia il tour|둘러보기
Send Feedback|Envoyer un avis|Enviar comentarios|Feedback senden|フィードバックを送信|प्रतिक्रिया भेजें|发送反馈|傳送意見回饋|Enviar comentários|Invia feedback|피드백 보내기
Report a Bug|Signaler un problème|Informar de un error|Fehler melden|不具合を報告|समस्या बताएँ|报告问题|回報問題|Relatar um problema|Segnala un problema|버그 신고
A place for fonts, typeboards, and your own letterforms.|Un espace pour les polices, les planches typographiques et vos propres lettres.|Un lugar para fuentes, tableros tipográficos y tus propias letras.|Ein Ort für Schriften, Typografie-Boards und eigene Buchstaben.|フォント、タイポグラフィボード、自分だけの文字のための場所。|फ़ॉन्ट, टाइपबोर्ड और आपके अपने अक्षरों के लिए एक जगह।|一个管理字体、排版板和自创字形的空间。|一個管理字體、排版板和自創字形的空間。|Um lugar para fontes, painéis tipográficos e suas próprias letras.|Uno spazio per font, tavole tipografiche e le tue lettere.|서체, 타이포보드, 나만의 글자를 위한 공간.
Trying the beta? Tell us what worked, what was confusing, or what went wrong.|Vous essayez la bêta ? Dites-nous ce qui fonctionne, ce qui manque de clarté ou ce qui pose problème.|¿Estás probando la beta? Cuéntanos qué funcionó, qué fue confuso o qué salió mal.|Du testest die Beta? Sag uns, was funktioniert, unklar ist oder schiefgeht.|ベータ版をお試しですか？良かった点、分かりにくかった点、問題があった点をお聞かせください。|बीटा आज़मा रहे हैं? बताएँ कि क्या सही चला, क्या समझ नहीं आया या क्या गलत हुआ।|正在试用测试版？请告诉我们哪些功能好用、哪些让您困惑，或遇到了什么问题。|正在試用測試版？請告訴我們哪些功能好用、哪些讓您困惑，或遇到了什麼問題。|Testando a versão beta? Conte o que funcionou, o que confundiu ou o que deu errado.|Stai provando la beta? Dicci cosa funziona, cosa è poco chiaro o cosa non va.|베타 버전을 사용 중인가요? 잘된 점, 혼란스러웠던 점, 문제점을 알려주세요.
Hello|Bonjour|Hola|Hallo|こんにちは|नमस्ते|你好|你好|Olá|Ciao|안녕하세요
Spaces|Espaces|Espacios|Spaces|スペース|स्पेस|空间|空間|Espaços|Spazi|스페이스
Letterforms|Lettres|Letras|Buchstaben|文字|अक्षर|字形|字形|Letras|Lettere|글자
Letterform Editor|Éditeur de lettres|Editor de letras|Buchstabeneditor|文字エディタ|अक्षर संपादक|字形编辑器|字形編輯器|Editor de letras|Editor di lettere|글자 편집기
Quite the\ncharacter.|Du\ncaractère.|Con\ncarácter.|Mit\nCharakter.|文字の\n個性。|अक्षरों की\nअपनी पहचान।|字有\n个性。|字有\n個性。|Cheio de\npersonalidade.|Questione di\ncarattere.|개성 있는\n글자.
Your words.\nA new voice.|Vos mots.\nUne nouvelle voix.|Tus palabras.\nUna nueva voz.|Deine Worte.\nEine neue Stimme.|あなたの言葉に\n新しい表情を。|आपके शब्द।\nएक नई आवाज़।|你的文字。\n新的表达。|你的文字。\n新的表達。|Suas palavras.\nUma nova voz.|Le tue parole.\nUna nuova voce.|나의 글에\n새로운 목소리를.
Good type.\nGreat company.|De belles lettres.\nBien accompagnées.|Buena tipografía.\nGran compañía.|Gute Schriften.\nGute Partner.|いい文字には\nいい組み合わせ。|सुंदर अक्षर।\nबेहतरीन साथ।|好字体。\n好搭配。|好字體。\n好搭配。|Boa tipografia.\nÓtima companhia.|Bei caratteri.\nOttima compagnia.|좋은 서체.\n멋진 조합.
Make it\nyour own.|À vous\nde créer.|Hazlo\ntuyo.|Mach es\nzu deinem.|自分だけの\n文字を。|अपना अंदाज़\nदें।|创作\n属于你的字。|創作\n屬於你的字。|Crie do\nseu jeito.|Rendilo\ntuo.|나만의 글자를\n만드세요.
Organize your fonts. Try them in context. Make your own. Let's play with a little of each.|Organisez vos polices. Essayez-les dans vos créations. Dessinez les vôtres. Découvrons tout cela ensemble.|Organiza tus fuentes. Pruébalas en contexto. Crea las tuyas. Vamos a explorar un poco de todo.|Ordne deine Schriften. Probiere sie in Entwürfen aus. Gestalte eigene. Entdecke von allem ein bisschen.|フォントを整理し、デザインで試し、自分でも作る。それぞれを少し体験してみましょう。|फ़ॉन्ट व्यवस्थित करें। डिज़ाइन में आज़माएँ। अपने फ़ॉन्ट बनाएँ। आइए, सब थोड़ा-थोड़ा करके देखें।|整理字体，在设计中试用，创作自己的字体。先来体验一下吧。|整理字體，在設計中試用，創作自己的字體。先來體驗一下吧。|Organize suas fontes. Teste-as em contexto. Crie as suas. Vamos explorar um pouco de tudo.|Organizza i font. Provali nei tuoi progetti. Crea i tuoi. Esploriamo un po’ di tutto.|서체를 정리하고, 디자인에서 시험하고, 직접 만들어 보세요. 하나씩 체험해 볼까요?
See your words in a different light. Find favorites, build a shortlist, and bring order to your font collection.|Redécouvrez vos mots. Trouvez vos favoris, préparez une sélection et organisez votre collection de polices.|Mira tus palabras de otra forma. Encuentra favoritas, crea una selección y organiza tu colección de fuentes.|Sieh deine Worte mit neuen Augen. Finde Favoriten, stelle eine Auswahl zusammen und ordne deine Schriften.|言葉の新しい表情を発見しましょう。お気に入りを見つけ、候補を選び、フォントを整理できます。|अपने शब्दों को नए रूप में देखें। पसंदीदा चुनें, शॉर्टलिस्ट बनाएँ और फ़ॉन्ट कलेक्शन व्यवस्थित करें।|用不同的字体看见文字的新面貌。标记最爱、建立候选列表，整理字体收藏。|用不同的字體看見文字的新面貌。標記最愛、建立候選清單，整理字體收藏。|Veja suas palavras de outro jeito. Encontre favoritas, crie uma seleção e organize suas fontes.|Guarda le tue parole sotto una nuova luce. Trova i preferiti, crea una selezione e organizza i font.|내 글을 새로운 모습으로 만나보세요. 즐겨찾기와 후보 목록을 만들고 서체를 정리하세요.
Give a heading a partner. Try pairings and layouts in Spaces, then take your favorite direction with you.|Trouvez un partenaire pour votre titre. Essayez des associations et des mises en page dans Espaces, puis emportez votre composition préférée.|Busca una pareja para tu título. Prueba combinaciones y diseños en Espacios y llévate tu opción favorita.|Finde einen Partner für deine Überschrift. Probiere Kombinationen und Layouts in Spaces aus und exportiere deinen Favoriten.|見出しに合う相手を探しましょう。スペースでフォントの組み合わせやレイアウトを試し、気に入った案を書き出せます。|शीर्षक के लिए साथी फ़ॉन्ट चुनें। स्पेस में जोड़ियाँ और लेआउट आज़माएँ, फिर अपना पसंदीदा डिज़ाइन साथ ले जाएँ।|为标题找个搭档。在空间中尝试字体搭配和布局，然后导出最喜欢的方案。|為標題找個搭檔。在空間中嘗試字體搭配和版面，然後輸出最喜歡的方案。|Encontre um par para seu título. Teste combinações e layouts em Espaços e leve sua opção favorita.|Trova un compagno per il titolo. Prova abbinamenti e layout in Spazi, poi esporta la tua proposta preferita.|제목에 어울리는 서체를 찾아보세요. 스페이스에서 조합과 레이아웃을 시험한 뒤 마음에 드는 디자인을 내보내세요.
Draw letters, refine their outlines, and export your own font.|Dessinez des lettres, affinez leurs contours et exportez votre propre police.|Dibuja letras, perfecciona sus contornos y exporta tu propia fuente.|Zeichne Buchstaben, verfeinere ihre Konturen und exportiere deine eigene Schrift.|文字を描き、輪郭を整え、自分だけのフォントを書き出しましょう。|अक्षर बनाएँ, उनकी रूपरेखा सुधारें और अपना फ़ॉन्ट एक्सपोर्ट करें।|绘制字母，调整轮廓，导出自己的字体。|繪製字母，調整輪廓，輸出自己的字體。|Desenhe letras, refine seus contornos e exporte sua própria fonte.|Disegna lettere, perfeziona i contorni ed esporta il tuo font.|글자를 그리고 윤곽을 다듬어 나만의 서체를 내보내세요.
Skip tour|Passer la visite|Omitir recorrido|Einführung überspringen|スキップ|परिचय छोड़ें|跳过导览|略過導覽|Pular tour|Salta il tour|둘러보기 건너뛰기
Back|Retour|Atrás|Zurück|戻る|पीछे|返回|返回|Voltar|Indietro|뒤로
Let's play|C’est parti|Vamos a probar|Los geht’s|試してみる|आज़माएँ|开始体验|開始體驗|Vamos explorar|Proviamo|시작하기
Finish tour|Terminer|Finalizar recorrido|Einführung beenden|完了|परिचय पूरा करें|完成导览|完成導覽|Concluir tour|Termina il tour|둘러보기 완료
Next|Suivant|Siguiente|Weiter|次へ|आगे|下一步|下一步|Próximo|Avanti|다음
Your fonts and projects stay on this Mac.|Vos polices et projets restent sur ce Mac.|Tus fuentes y proyectos permanecen en este Mac.|Deine Schriften und Projekte bleiben auf diesem Mac.|フォントとプロジェクトはこのMacに保存されます。|आपके फ़ॉन्ट और प्रोजेक्ट इसी Mac पर रहते हैं।|您的字体和项目保存在此 Mac 上。|您的字體和專案儲存在此 Mac 上。|Suas fontes e projetos ficam neste Mac.|I tuoi font e progetti rimangono su questo Mac.|서체와 프로젝트는 이 Mac에 보관됩니다.
Browse Fonts|Parcourir les polices|Explorar fuentes|Schriften durchsuchen|フォントを見る|फ़ॉन्ट ब्राउज़ करें|浏览字体|瀏覽字體|Explorar fontes|Sfoglia i font|서체 둘러보기
Open Spaces|Ouvrir Espaces|Abrir Espacios|Spaces öffnen|スペースを開く|स्पेस खोलें|打开空间|打開空間|Abrir Espaços|Apri Spazi|스페이스 열기
Draw a Letter|Dessiner une lettre|Dibujar una letra|Buchstaben zeichnen|文字を描く|अक्षर बनाएँ|绘制字母|繪製字母|Desenhar uma letra|Disegna una lettera|글자 그리기
You can return from Help → Getting Started Tour.|Revenez via Aide → Visite guidée.|Puedes volver desde Ayuda → Recorrido inicial.|Zurück über Hilfe → Einführung.|「ヘルプ」→「使い方ツアー」からいつでも戻れます。|मदद → शुरुआती परिचय से फिर खोल सकते हैं।|您可以通过“帮助 → 入门导览”再次打开。|您可以透過「輔助說明 → 入門導覽」再次打開。|Volte por Ajuda → Tour inicial.|Puoi tornare da Aiuto → Tour introduttivo.|도움말 → 시작 가이드에서 다시 열 수 있습니다.
Click the letters|Cliquez sur les lettres|Haz clic en las letras|Buchstaben anklicken|文字をクリック|अक्षरों पर क्लिक करें|点击文字|點按文字|Clique nas letras|Fai clic sulle lettere|글자 클릭하기
A word to play with|Un mot à essayer|Una palabra para probar|Ein Wort zum Ausprobieren|試したい言葉|आज़माने के लिए शब्द|输入要试用的文字|輸入要試用的文字|Uma palavra para testar|Una parola da provare|시험해 볼 단어
Try your name|Essayez votre nom|Prueba tu nombre|Probiere deinen Namen|名前を入れてみよう|अपना नाम आज़माएँ|试试您的名字|試試您的名字|Experimente seu nome|Prova il tuo nome|이름을 입력해 보세요
Serif|Avec empattements|Con serifas|Serifen|セリフ|सेरिफ़|衬线体|襯線體|Com serifa|Con grazie|세리프
Sans|Sans empattements|Sin serifas|Serifenlos|サンセリフ|सैंस|无衬线体|無襯線體|Sem serifa|Senza grazie|산세리프
Mono|Chasse fixe|Monoespaciada|Monospace|等幅|मोनो|等宽体|等寬體|Monoespaçada|Monospaziato|고정폭
Poster|Affiche|Cartel|Plakat|ポスター|पोस्टर|海报|海報|Pôster|Poster|포스터
Editorial|Éditorial|Editorial|Editorial|エディトリアル|संपादकीय|出版物|出版物|Editorial|Editoriale|에디토리얼
Try another layout.|Essayez une autre mise en page.|Prueba otro diseño.|Probiere ein anderes Layout.|別のレイアウトを試しましょう。|दूसरा लेआउट आज़माएँ।|试试另一种布局。|試試另一種版面。|Experimente outro layout.|Prova un altro layout.|다른 레이아웃을 시험해 보세요.
Baseline|Ligne de base|Línea base|Grundlinie|ベースライン|आधार रेखा|基线|基線|Linha de base|Linea di base|기준선
x-height|Hauteur d’x|Altura de x|x-Höhe|エックスハイト|x-ऊँचाई|x 字高|x 字高|Altura de x|Altezza della x|x 높이
Cap height|Hauteur des capitales|Altura de mayúsculas|Versalhöhe|キャップハイト|बड़े अक्षरों की ऊँचाई|大写字高|大寫字高|Altura das maiúsculas|Altezza delle maiuscole|대문자 높이
Ascender|Ascendante|Ascendente|Oberlänge|アセンダー|ऊर्ध्व भाग|升部|升部|Ascendente|Ascendente|어센더
Descender|Descendante|Descendente|Unterlänge|ディセンダー|अधो भाग|降部|降部|Descendente|Discendente|디센더
Side bearings|Approches|Márgenes laterales|Seitenabstände|サイドベアリング|पार्श्व अंतर|左右边距|左右邊距|Margens laterais|Spazi laterali|좌우 여백
Advance|Chasse|Avance|Zeichenbreite|送り幅|अग्रिम चौड़ाई|步进宽度|步進寬度|Avanço|Avanzamento|전진 폭
Where letters sit.|Là où reposent les lettres.|Donde se apoyan las letras.|Hier stehen die Buchstaben.|文字が並ぶ基準線。|जहाँ अक्षर टिकते हैं।|字母排列的基准线。|字母排列的基準線。|Onde as letras se apoiam.|Dove poggiano le lettere.|글자가 놓이는 선.
Height of lowercase x.|Hauteur du x minuscule.|Altura de la x minúscula.|Höhe des kleinen x.|小文字のxの高さ。|छोटे x की ऊँचाई।|小写 x 的高度。|小寫 x 的高度。|Altura do x minúsculo.|Altezza della x minuscola.|소문자 x의 높이.
Height of capitals.|Hauteur des majuscules.|Altura de las mayúsculas.|Höhe der Großbuchstaben.|大文字の高さ。|बड़े अक्षरों की ऊँचाई।|大写字母的高度。|大寫字母的高度。|Altura das letras maiúsculas.|Altezza delle maiuscole.|대문자의 높이.
Rises above x-height.|Dépasse la hauteur d’x.|Se eleva sobre la altura de x.|Ragt über die x-Höhe hinaus.|エックスハイトより上の部分。|x-ऊँचाई से ऊपर उठता है।|超出 x 字高的部分。|超出 x 字高的部分。|Sobe acima da altura de x.|Si estende sopra l’altezza della x.|x 높이 위로 뻗는 부분.
Drops below the baseline.|Descend sous la ligne de base.|Baja de la línea base.|Reicht unter die Grundlinie.|ベースラインより下の部分。|आधार रेखा से नीचे जाता है।|低于基线的部分。|低於基線的部分。|Desce abaixo da linha de base.|Scende sotto la linea di base.|기준선 아래로 내려가는 부분.
Space beside a glyph.|Espace à côté d’un glyphe.|Espacio junto a un glifo.|Abstand neben einem Zeichen.|字形の左右の余白。|ग्लिफ़ के पास की जगह।|字形两侧的空白。|字形兩側的空白。|Espaço ao lado de um glifo.|Spazio ai lati di un glifo.|글리프 양옆의 여백.
Distance to the next glyph.|Distance au glyphe suivant.|Distancia al siguiente glifo.|Abstand zum nächsten Zeichen.|次の字形までの距離。|अगले ग्लिफ़ तक की दूरी।|到下一个字形的距离。|到下一個字形的距離。|Distância até o próximo glifo.|Distanza dal glifo successivo.|다음 글리프까지의 거리.
File|Fichier|Archivo|Ablage|ファイル|फ़ाइल|文件|檔案|Arquivo|File|파일
Edit|Modifier|Editar|Bearbeiten|編集|संपादित करें|编辑|編輯|Editar|Modifica|편집
View|Présentation|Ver|Darstellung|表示|देखें|视图|顯示|Visualizar|Vista|보기
Window|Fenêtre|Ventana|Fenster|ウインドウ|विंडो|窗口|視窗|Janela|Finestra|윈도우
Help|Aide|Ayuda|Hilfe|ヘルプ|मदद|帮助|輔助說明|Ajuda|Aiuto|도움말
Hide Typefield|Masquer Typefield|Ocultar Typefield|Typefield ausblenden|Typefieldを隠す|Typefield छिपाएँ|隐藏 Typefield|隱藏 Typefield|Ocultar Typefield|Nascondi Typefield|Typefield 가리기
Hide Others|Masquer les autres|Ocultar otros|Andere ausblenden|ほかを隠す|अन्य छिपाएँ|隐藏其他|隱藏其他|Ocultar outros|Nascondi altre|기타 가리기
Show All|Tout afficher|Mostrar todo|Alle einblenden|すべて表示|सभी दिखाएँ|全部显示|全部顯示|Mostrar tudo|Mostra tutto|모두 보기
Quit Typefield|Quitter Typefield|Salir de Typefield|Typefield beenden|Typefieldを終了|Typefield बंद करें|退出 Typefield|結束 Typefield|Sair do Typefield|Esci da Typefield|Typefield 종료
Add Font Folder|Ajouter un dossier de polices|Añadir carpeta de fuentes|Schriftordner hinzufügen|フォントフォルダを追加|फ़ॉन्ट फ़ोल्डर जोड़ें|添加字体文件夹|加入字體檔案夾|Adicionar pasta de fontes|Aggiungi cartella di font|서체 폴더 추가
New Font Browser Window|Nouvelle fenêtre de polices|Nueva ventana de fuentes|Neues Schriftbrowser-Fenster|新しいフォントブラウザ|नई फ़ॉन्ट ब्राउज़र विंडो|新建字体浏览窗口|新增字體瀏覽視窗|Nova janela de fontes|Nuova finestra dei font|새 서체 탐색 윈도우
New Collection|Nouvelle collection|Nueva colección|Neue Sammlung|新規コレクション|नया कलेक्शन|新建收藏集|新增收藏集|Nova coleção|Nuova raccolta|새 모음
New Typeboard|Nouvelle planche|Nuevo tablero tipográfico|Neues Typografie-Board|新規タイポグラフィボード|नया टाइपबोर्ड|新建排版板|新增排版板|Novo painel tipográfico|Nuova tavola tipografica|새 타이포보드
Export Selected Fonts|Exporter les polices sélectionnées|Exportar fuentes seleccionadas|Ausgewählte Schriften exportieren|選択したフォントを書き出す|चुने गए फ़ॉन्ट एक्सपोर्ट करें|导出所选字体|輸出所選字體|Exportar fontes selecionadas|Esporta i font selezionati|선택한 서체 내보내기
Close|Fermer|Cerrar|Schließen|閉じる|बंद करें|关闭|關閉|Fechar|Chiudi|닫기
Cancel|Annuler|Cancelar|Abbrechen|キャンセル|रद्द करें|取消|取消|Cancelar|Annulla|취소
Done|Terminé|Listo|Fertig|完了|हो गया|完成|完成|Concluído|Fine|완료
OK|OK|Aceptar|OK|OK|ठीक है|好|好|OK|OK|확인
Save|Enregistrer|Guardar|Sichern|保存|सहेजें|保存|儲存|Salvar|Salva|저장
Open|Ouvrir|Abrir|Öffnen|開く|खोलें|打开|打開|Abrir|Apri|열기
Add|Ajouter|Añadir|Hinzufügen|追加|जोड़ें|添加|加入|Adicionar|Aggiungi|추가
Remove|Retirer|Quitar|Entfernen|削除|हटाएँ|移除|移除|Remover|Rimuovi|제거
Delete|Supprimer|Eliminar|Löschen|削除|मिटाएँ|删除|刪除|Excluir|Elimina|삭제
Rename|Renommer|Renombrar|Umbenennen|名前を変更|नाम बदलें|重命名|重新命名|Renomear|Rinomina|이름 변경
Duplicate|Dupliquer|Duplicar|Duplizieren|複製|डुप्लिकेट बनाएँ|复制副本|製作副本|Duplicar|Duplica|복제
Copy|Copier|Copiar|Kopieren|コピー|कॉपी करें|拷贝|拷貝|Copiar|Copia|복사
Cut|Couper|Cortar|Ausschneiden|カット|कट करें|剪切|剪下|Recortar|Taglia|오려두기
Paste|Coller|Pegar|Einfügen|ペースト|पेस्ट करें|粘贴|貼上|Colar|Incolla|붙여넣기
Undo|Annuler|Deshacer|Rückgängig|取り消す|पूर्ववत करें|撤销|還原|Desfazer|Annulla|실행 취소
Redo|Rétablir|Rehacer|Wiederholen|やり直す|फिर से करें|重做|重做|Refazer|Ripeti|실행 복귀
Select All|Tout sélectionner|Seleccionar todo|Alles auswählen|すべて選択|सभी चुनें|全选|全選|Selecionar tudo|Seleziona tutto|모두 선택
Select|Sélectionner|Seleccionar|Auswählen|選択|चुनें|选择|選取|Selecionar|Seleziona|선택
Selected|Sélectionné|Seleccionado|Ausgewählt|選択中|चुना गया|已选择|已選取|Selecionado|Selezionato|선택됨
Not selected|Non sélectionné|No seleccionado|Nicht ausgewählt|未選択|नहीं चुना गया|未选择|未選取|Não selecionado|Non selezionato|선택 안 됨
Clear|Effacer|Limpiar|Leeren|クリア|साफ़ करें|清除|清除|Limpar|Cancella|지우기
Reset|Réinitialiser|Restablecer|Zurücksetzen|リセット|रीसेट करें|重置|重置|Redefinir|Ripristina|재설정
Apply|Appliquer|Aplicar|Anwenden|適用|लागू करें|应用|套用|Aplicar|Applica|적용
Restore|Restaurer|Restaurar|Wiederherstellen|復元|पुनर्स्थापित करें|恢复|回復|Restaurar|Ripristina|복원
Export|Exporter|Exportar|Exportieren|書き出す|एक्सपोर्ट करें|导出|輸出|Exportar|Esporta|내보내기
Import|Importer|Importar|Importieren|読み込む|इम्पोर्ट करें|导入|輸入|Importar|Importa|가져오기
Continue|Continuer|Continuar|Fortfahren|続ける|जारी रखें|继续|繼續|Continuar|Continua|계속
Finish|Terminer|Finalizar|Abschließen|完了|पूरा करें|完成|完成|Concluir|Termina|완료
Name|Nom|Nombre|Name|名前|नाम|名称|名稱|Nome|Nome|이름
Search|Rechercher|Buscar|Suchen|検索|खोजें|搜索|搜尋|Buscar|Cerca|검색
Search fonts|Rechercher des polices|Buscar fuentes|Schriften suchen|フォントを検索|फ़ॉन्ट खोजें|搜索字体|搜尋字體|Buscar fontes|Cerca font|서체 검색
Find Fonts|Rechercher des polices|Buscar fuentes|Schriften suchen|フォントを検索|फ़ॉन्ट खोजें|查找字体|尋找字體|Buscar fontes|Cerca font|서체 찾기
Choose Font|Choisir une police|Elegir fuente|Schrift wählen|フォントを選択|फ़ॉन्ट चुनें|选择字体|選擇字體|Escolher fonte|Scegli font|서체 선택
All Fonts|Toutes les polices|Todas las fuentes|Alle Schriften|すべてのフォント|सभी फ़ॉन्ट|所有字体|所有字體|Todas as fontes|Tutti i font|모든 서체
Favorites|Favoris|Favoritas|Favoriten|お気に入り|पसंदीदा|个人收藏|喜好項目|Favoritas|Preferiti|즐겨찾기
Recently Added|Ajouts récents|Añadidas recientemente|Zuletzt hinzugefügt|最近追加した項目|हाल में जोड़े गए|最近添加|最近加入|Adicionadas recentemente|Aggiunti di recente|최근 추가 항목
Collections|Collections|Colecciones|Sammlungen|コレクション|कलेक्शन|收藏集|收藏集|Coleções|Raccolte|모음
Tags|Étiquettes|Etiquetas|Tags|タグ|टैग|标签|標籤|Etiquetas|Tag|태그
Notes|Notes|Notas|Notizen|メモ|नोट्स|备注|備註|Notas|Note|메모
Shortlist|Sélection|Selección|Vorauswahl|候補リスト|शॉर्टलिस्ट|候选列表|候選清單|Seleção|Selezione|후보 목록
Folders|Dossiers|Carpetas|Ordner|フォルダ|फ़ोल्डर|文件夹|檔案夾|Pastas|Cartelle|폴더
Sources|Sources|Orígenes|Quellen|入手元|स्रोत|来源|來源|Origens|Origini|출처
Source|Source|Origen|Quelle|入手元|स्रोत|来源|來源|Origem|Origine|출처
All sources|Toutes les sources|Todos los orígenes|Alle Quellen|すべての入手元|सभी स्रोत|所有来源|所有來源|Todas as origens|Tutte le origini|모든 출처
Category|Catégorie|Categoría|Kategorie|カテゴリ|श्रेणी|类别|類別|Categoria|Categoria|분류
All Categories|Toutes les catégories|Todas las categorías|Alle Kategorien|すべてのカテゴリ|सभी श्रेणियाँ|所有类别|所有類別|Todas as categorias|Tutte le categorie|모든 분류
Styles|Styles|Estilos|Stile|スタイル|शैलियाँ|样式|樣式|Estilos|Stili|스타일
Style|Style|Estilo|Stil|スタイル|शैली|样式|樣式|Estilo|Stile|스타일
Family|Famille|Familia|Familie|ファミリー|फ़ैमिली|字族|字族|Família|Famiglia|서체군
Font|Police|Fuente|Schrift|フォント|फ़ॉन्ट|字体|字體|Fonte|Font|서체
Fonts|Polices|Fuentes|Schriften|フォント|फ़ॉन्ट|字体|字體|Fontes|Font|서체
Font family|Famille de polices|Familia tipográfica|Schriftfamilie|フォントファミリー|फ़ॉन्ट फ़ैमिली|字体家族|字體家族|Família de fontes|Famiglia di font|서체군
Preview|Aperçu|Vista previa|Vorschau|プレビュー|प्रीव्यू|预览|預覽|Prévia|Anteprima|미리보기
Text|Texte|Texto|Text|テキスト|टेक्स्ट|文本|文字|Texto|Testo|텍스트
Size|Taille|Tamaño|Größe|サイズ|आकार|大小|大小|Tamanho|Dimensione|크기
Color|Couleur|Color|Farbe|色|रंग|颜色|顏色|Cor|Colore|색상
Background|Arrière-plan|Fondo|Hintergrund|背景|पृष्ठभूमि|背景|背景|Fundo|Sfondo|배경
List|Liste|Lista|Liste|リスト|सूची|列表|列表|Lista|Elenco|목록
Grid|Grille|Cuadrícula|Raster|グリッド|ग्रिड|网格|格線|Grade|Griglia|격자
Filter|Filtre|Filtro|Filter|フィルタ|फ़िल्टर|筛选|篩選|Filtro|Filtro|필터
Filters|Filtres|Filtros|Filter|フィルタ|फ़िल्टर|筛选|篩選|Filtros|Filtri|필터
Clear Filters|Effacer les filtres|Borrar filtros|Filter zurücksetzen|フィルタを解除|फ़िल्टर हटाएँ|清除筛选|清除篩選|Limpar filtros|Rimuovi filtri|필터 지우기
Advanced Filters|Filtres avancés|Filtros avanzados|Erweiterte Filter|詳細フィルタ|उन्नत फ़िल्टर|高级筛选|進階篩選|Filtros avançados|Filtri avanzati|고급 필터
Sort|Trier|Ordenar|Sortieren|並べ替え|क्रमबद्ध करें|排序|排序|Ordenar|Ordina|정렬
Sort by|Trier par|Ordenar por|Sortieren nach|並べ替え順|क्रम का आधार|排序方式|排序方式|Ordenar por|Ordina per|정렬 기준
Clear selection|Effacer la sélection|Borrar selección|Auswahl aufheben|選択を解除|चयन हटाएँ|清除选择|清除選取|Limpar seleção|Deseleziona|선택 해제
Clear shortlist|Vider la sélection|Vaciar selección|Vorauswahl leeren|候補リストをクリア|शॉर्टलिस्ट साफ़ करें|清空候选列表|清空候選清單|Limpar seleção|Svuota selezione|후보 목록 지우기
Open shortlist window|Ouvrir la fenêtre de sélection|Abrir ventana de selección|Vorauswahlfenster öffnen|候補リストのウインドウを開く|शॉर्टलिस्ट विंडो खोलें|打开候选列表窗口|打開候選清單視窗|Abrir janela de seleção|Apri finestra di selezione|후보 목록 윈도우 열기
Show Shortlist|Afficher la sélection|Mostrar selección|Vorauswahl anzeigen|候補リストを表示|शॉर्टलिस्ट दिखाएँ|显示候选列表|顯示候選清單|Mostrar seleção|Mostra selezione|후보 목록 보기
Refresh Fonts|Actualiser les polices|Actualizar fuentes|Schriften aktualisieren|フォントを更新|फ़ॉन्ट रीफ़्रेश करें|刷新字体|重新整理字體|Atualizar fontes|Aggiorna font|서체 새로 고침
Library View|Vue de la bibliothèque|Vista de biblioteca|Bibliotheksansicht|ライブラリ表示|लाइब्रेरी दृश्य|字体库视图|字體庫顯示|Visualização da biblioteca|Vista libreria|라이브러리 보기
Larger Preview|Agrandir l’aperçu|Ampliar vista previa|Vorschau vergrößern|プレビューを拡大|बड़ा प्रीव्यू|放大预览|放大預覽|Aumentar prévia|Ingrandisci anteprima|미리보기 확대
Smaller Preview|Réduire l’aperçu|Reducir vista previa|Vorschau verkleinern|プレビューを縮小|छोटा प्रीव्यू|缩小预览|縮小預覽|Diminuir prévia|Riduci anteprima|미리보기 축소
Reset Preview Size|Réinitialiser la taille de l’aperçu|Restablecer tamaño de vista previa|Vorschaugröße zurücksetzen|プレビューサイズをリセット|प्रीव्यू आकार रीसेट करें|重置预览大小|重置預覽大小|Redefinir tamanho da prévia|Ripristina dimensione anteprima|미리보기 크기 재설정
Preview Colors|Couleurs de l’aperçu|Colores de vista previa|Vorschaufarben|プレビューの色|प्रीव्यू के रंग|预览颜色|預覽顏色|Cores da prévia|Colori anteprima|미리보기 색상
Show Sidebar|Afficher la barre latérale|Mostrar barra lateral|Seitenleiste einblenden|サイドバーを表示|साइडबार दिखाएँ|显示侧边栏|顯示側邊欄|Mostrar barra lateral|Mostra barra laterale|사이드바 보기
Hide Sidebar|Masquer la barre latérale|Ocultar barra lateral|Seitenleiste ausblenden|サイドバーを非表示|साइडबार छिपाएँ|隐藏侧边栏|隱藏側邊欄|Ocultar barra lateral|Nascondi barra laterale|사이드바 가리기
Minimize|Réduire|Minimizar|Minimieren|しまう|छोटा करें|最小化|縮到最小|Minimizar|Riduci a icona|최소화
Zoom|Zoom|Zoom|Zoom|ズーム|ज़ूम|缩放|縮放|Zoom|Zoom|확대/축소
Enter Full Screen|Activer le plein écran|Entrar en pantalla completa|Vollbild ein|フルスクリーンにする|फ़ुल स्क्रीन खोलें|进入全屏幕|進入全螢幕|Entrar em tela cheia|Attiva schermo intero|전체 화면 시작
Exit Full Screen|Quitter le plein écran|Salir de pantalla completa|Vollbild aus|フルスクリーンを解除|फ़ुल स्क्रीन छोड़ें|退出全屏幕|結束全螢幕|Sair da tela cheia|Esci da schermo intero|전체 화면 종료
Getting Started Tour|Visite guidée|Recorrido inicial|Einführung|使い方ツアー|शुरुआती परिचय|入门导览|入門導覽|Tour inicial|Tour introduttivo|시작 가이드
Type your own preview…|Saisissez votre texte…|Escribe tu vista previa…|Eigenen Vorschautext eingeben…|プレビューテキストを入力…|अपना प्रीव्यू टेक्स्ट लिखें…|输入预览文字…|輸入預覽文字…|Digite seu texto de prévia…|Scrivi il testo di anteprima…|미리보기 텍스트 입력…
Alphabet & numbers|Alphabet et chiffres|Alfabeto y números|Alphabet & Zahlen|アルファベットと数字|वर्णमाला और संख्याएँ|字母和数字|字母和數字|Alfabeto e números|Alfabeto e numeri|알파벳 및 숫자
Family names|Noms des familles|Nombres de familias|Familiennamen|ファミリー名|फ़ैमिली के नाम|字族名称|字族名稱|Nomes das famílias|Nomi delle famiglie|서체군 이름
Preview text presets|Textes d’aperçu prédéfinis|Textos de vista previa|Vorschautext-Vorlagen|プレビューテキストのプリセット|प्रीव्यू टेक्स्ट प्रीसेट|预览文本预设|預覽文字預設|Textos de prévia predefinidos|Testi di anteprima predefiniti|미리보기 텍스트 프리셋
Contains preview characters|Contient les caractères de l’aperçu|Contiene los caracteres de vista previa|Enthält Vorschauzeichen|プレビューの文字を含む|प्रीव्यू के अक्षर शामिल हैं|包含预览中的字符|包含預覽中的字元|Contém os caracteres da prévia|Contiene i caratteri di anteprima|미리보기 문자 포함
Use script sample|Utiliser un exemple d’écriture|Usar muestra de escritura|Schriftbeispiel verwenden|文字体系のサンプルを使用|लिपि का नमूना इस्तेमाल करें|使用文字系统示例|使用文字系統範例|Usar amostra de escrita|Usa esempio di scrittura|문자 체계 샘플 사용
Overlay|Superposition|Superposición|Überlagerung|重ね合わせ|ओवरले|叠加|疊加|Sobreposição|Sovrapposizione|오버레이
End overlay|Arrêter la superposition|Finalizar superposición|Überlagerung beenden|重ね合わせを終了|ओवरले बंद करें|结束叠加|結束疊加|Encerrar sobreposição|Termina sovrapposizione|오버레이 종료
Batch actions|Actions groupées|Acciones por lotes|Stapelaktionen|一括操作|सामूहिक कार्रवाइयाँ|批量操作|批次操作|Ações em lote|Azioni multiple|일괄 작업
Reading your fonts…|Lecture de vos polices…|Leyendo tus fuentes…|Schriften werden gelesen…|フォントを読み込み中…|आपके फ़ॉन्ट पढ़े जा रहे हैं…|正在读取字体…|正在讀取字體…|Lendo suas fontes…|Lettura dei font…|서체 읽는 중…
Browse all fonts|Parcourir toutes les polices|Explorar todas las fuentes|Alle Schriften durchsuchen|すべてのフォントを見る|सभी फ़ॉन्ट ब्राउज़ करें|浏览所有字体|瀏覽所有字體|Explorar todas as fontes|Sfoglia tutti i font|모든 서체 둘러보기
No fonts found|Aucune police trouvée|No se encontraron fuentes|Keine Schriften gefunden|フォントが見つかりません|कोई फ़ॉन्ट नहीं मिला|未找到字体|找不到字體|Nenhuma fonte encontrada|Nessun font trovato|서체를 찾을 수 없음
No matching fonts|Aucune police correspondante|No hay fuentes coincidentes|Keine passenden Schriften|一致するフォントがありません|कोई मिलते-जुलते फ़ॉन्ट नहीं|没有匹配的字体|沒有符合的字體|Nenhuma fonte correspondente|Nessun font corrispondente|일치하는 서체 없음
Create|Créer|Crear|Erstellen|作成|बनाएँ|创建|建立|Criar|Crea|만들기
Compare|Comparer|Comparar|Vergleichen|比較|तुलना करें|比较|比較|Comparar|Confronta|비교
Inspect|Inspecter|Inspeccionar|Untersuchen|詳細を見る|निरीक्षण करें|检查|檢查|Inspecionar|Ispeziona|검사
Details|Détails|Detalles|Details|詳細|विवरण|详情|詳細資訊|Detalhes|Dettagli|세부사항
Activate|Activer|Activar|Aktivieren|有効化|सक्रिय करें|激活|啟用|Ativar|Attiva|활성화
Deactivate|Désactiver|Desactivar|Deaktivieren|無効化|निष्क्रिय करें|停用|停用|Desativar|Disattiva|비활성화
Download|Télécharger|Descargar|Laden|ダウンロード|डाउनलोड करें|下载|下載|Baixar|Scarica|다운로드
Install|Installer|Instalar|Installieren|インストール|इंस्टॉल करें|安装|安裝|Instalar|Installa|설치
Show in Finder|Afficher dans le Finder|Mostrar en Finder|Im Finder zeigen|Finderで表示|Finder में दिखाएँ|在访达中显示|在 Finder 中顯示|Mostrar no Finder|Mostra nel Finder|Finder에서 보기
Font Health|État des polices|Estado de las fuentes|Schriftprüfung|フォントの状態|फ़ॉन्ट स्वास्थ्य|字体健康检查|字體健康檢查|Saúde das fontes|Stato dei font|서체 상태
Tools|Outils|Herramientas|Werkzeuge|ツール|टूल|工具|工具|Ferramentas|Strumenti|도구
All|Tout|Todo|Alle|すべて|सभी|全部|全部|Tudo|Tutto|모두
None|Aucun|Ninguno|Keine|なし|कोई नहीं|无|無|Nenhum|Nessuno|없음
Default|Par défaut|Predeterminado|Standard|デフォルト|डिफ़ॉल्ट|默认|預設|Padrão|Predefinito|기본값
Automatic|Automatique|Automático|Automatisch|自動|अपने आप|自动|自動|Automático|Automatico|자동
Custom|Personnalisé|Personalizado|Eigene|カスタム|कस्टम|自定|自訂|Personalizado|Personalizzato|사용자 설정
Enabled|Activé|Activado|Aktiviert|有効|सक्रिय|已启用|已啟用|Ativado|Attivo|활성화됨
Disabled|Désactivé|Desactivado|Deaktiviert|無効|निष्क्रिय|已停用|已停用|Desativado|Disattivo|비활성화됨
Resume|Reprendre|Reanudar|Fortsetzen|再開|फिर शुरू करें|继续|繼續|Retomar|Riprendi|재개
Pause|Suspendre|Pausar|Pausieren|一時停止|रोकें|暂停|暫停|Pausar|Pausa|일시 정지
Stop|Arrêter|Detener|Stoppen|停止|बंद करें|停止|停止|Parar|Interrompi|중지
Retry|Réessayer|Reintentar|Erneut versuchen|再試行|फिर आज़माएँ|重试|再試一次|Tentar novamente|Riprova|다시 시도
Retry save|Réessayer l’enregistrement|Reintentar guardar|Erneut sichern|保存を再試行|फिर सहेजें|重试保存|重試儲存|Tentar salvar novamente|Riprova a salvare|다시 저장
Loading…|Chargement…|Cargando…|Wird geladen…|読み込み中…|लोड हो रहा है…|正在载入…|正在載入…|Carregando…|Caricamento…|불러오는 중…
Workspaces|Espaces de travail|Áreas de trabajo|Arbeitsbereiche|ワークスペース|कार्यक्षेत्र|工作区|工作區|Áreas de trabalho|Spazi di lavoro|작업 공간
Project|Projet|Proyecto|Projekt|プロジェクト|प्रोजेक्ट|项目|專案|Projeto|Progetto|프로젝트
New project|Nouveau projet|Nuevo proyecto|Neues Projekt|新規プロジェクト|नया प्रोजेक्ट|新建项目|新增專案|Novo projeto|Nuovo progetto|새 프로젝트
Delete project|Supprimer le projet|Eliminar proyecto|Projekt löschen|プロジェクトを削除|प्रोजेक्ट मिटाएँ|删除项目|刪除專案|Excluir projeto|Elimina progetto|프로젝트 삭제
Letterform projects|Projets de lettres|Proyectos de letras|Buchstabenprojekte|文字プロジェクト|अक्षर प्रोजेक्ट|字形项目|字形專案|Projetos de letras|Progetti di lettere|글자 프로젝트
Draw and test letterforms|Dessiner et tester des lettres|Dibujar y probar letras|Buchstaben zeichnen und testen|文字を描いて試す|अक्षर बनाएँ और जाँचें|绘制并测试字形|繪製並測試字形|Desenhe e teste letras|Disegna e prova lettere|글자 그리기 및 테스트
Characters|Caractères|Caracteres|Zeichen|文字|अक्षर|字符|字元|Caracteres|Caratteri|문자
Drawn|Dessinés|Dibujados|Gezeichnet|作成済み|बनाए गए|已绘制|已繪製|Desenhados|Disegnati|그린 문자
Empty|Vides|Vacíos|Leer|空白|खाली|空白|空白|Vazios|Vuoti|비어 있음
Select drawn|Sélectionner les dessins|Seleccionar dibujados|Gezeichnete auswählen|作成済みを選択|बनाए गए चुनें|选择已绘制项|選取已繪製項|Selecionar desenhados|Seleziona disegnati|그린 문자 선택
No drawn characters yet.|Aucun caractère dessiné.|Aún no hay caracteres dibujados.|Noch keine gezeichneten Zeichen.|まだ文字が描かれていません。|अभी कोई अक्षर नहीं बनाया गया।|尚未绘制字符。|尚未繪製字元。|Nenhum caractere desenhado ainda.|Nessun carattere ancora disegnato.|아직 그린 문자가 없습니다.
No empty characters.|Aucun caractère vide.|No hay caracteres vacíos.|Keine leeren Zeichen.|空白の文字はありません。|कोई खाली अक्षर नहीं।|没有空白字符。|沒有空白字元。|Nenhum caractere vazio.|Nessun carattere vuoto.|빈 문자가 없습니다.
Metrics & spacing|Métriques et espacement|Métricas y espaciado|Metriken & Abstände|メトリクスと間隔|माप और अंतर|度量与间距|度量與間距|Métricas e espaçamento|Metriche e spaziatura|메트릭 및 간격
Tool|Outil|Herramienta|Werkzeug|ツール|टूल|工具|工具|Ferramenta|Strumento|도구
Brush settings|Réglages du pinceau|Ajustes del pincel|Pinseleinstellungen|ブラシ設定|ब्रश सेटिंग्स|笔刷设置|筆刷設定|Ajustes do pincel|Impostazioni pennello|브러시 설정
Pen|Plume|Pluma|Zeichenstift|ペン|पेन|钢笔|鋼筆|Caneta|Penna|펜
Line|Ligne|Línea|Linie|直線|रेखा|直线|直線|Linha|Linea|선
Rectangle|Rectangle|Rectángulo|Rechteck|長方形|आयत|矩形|矩形|Retângulo|Rettangolo|사각형
Ellipse|Ellipse|Elipse|Ellipse|楕円|दीर्घवृत्त|椭圆|橢圓|Elipse|Ellisse|타원
Hand|Main|Mano|Hand|手のひら|हाथ|抓手|抓手|Mão|Mano|손
Node|Point|Nodo|Knoten|ノード|नोड|节点|節點|Nó|Nodo|노드
Nodes|Points|Nodos|Knoten|ノード|नोड|节点|節點|Nós|Nodi|노드
Eraser|Gomme|Borrador|Radierer|消しゴム|रबड़|橡皮擦|橡皮擦|Borracha|Gomma|지우개
Smoothing|Lissage|Suavizado|Glättung|スムージング|स्मूथिंग|平滑|平滑|Suavização|Levigatura|매끄럽게
Pressure|Pression|Presión|Druck|筆圧|दबाव|压感|感壓|Pressão|Pressione|필압
Nib|Pointe|Punta|Feder|ペン先|निब|笔尖|筆尖|Ponta|Punta|펜촉
Stroke|Trait|Trazo|Kontur|線|स्ट्रोक|描边|筆畫|Traço|Tratto|선
Fill|Fond|Relleno|Füllung|塗り|भराव|填充|填色|Preenchimento|Riempimento|채우기
Contours|Contours|Contornos|Konturen|輪郭|रूपरेखाएँ|轮廓|輪廓|Contornos|Contorni|윤곽
Paths|Tracés|Trazados|Pfade|パス|पाथ|路径|路徑|Caminhos|Tracciati|패스
Transform|Transformer|Transformar|Transformieren|変形|रूपांतरण|变换|變形|Transformar|Trasforma|변형
Rotate|Rotation|Girar|Drehen|回転|घुमाएँ|旋转|旋轉|Girar|Ruota|회전
Scale|Échelle|Escala|Skalieren|拡大・縮小|स्केल|缩放|縮放|Escala|Scala|크기 조절
Width|Largeur|Ancho|Breite|幅|चौड़ाई|宽度|寬度|Largura|Larghezza|너비
Height|Hauteur|Alto|Höhe|高さ|ऊँचाई|高度|高度|Altura|Altezza|높이
Flip horizontally|Retourner horizontalement|Voltear horizontalmente|Horizontal spiegeln|左右反転|क्षैतिज पलटें|水平翻转|水平翻轉|Virar horizontalmente|Rifletti orizzontalmente|가로로 뒤집기
Flip vertically|Retourner verticalement|Voltear verticalmente|Vertikal spiegeln|上下反転|लंबवत पलटें|垂直翻转|垂直翻轉|Virar verticalmente|Rifletti verticalmente|세로로 뒤집기
Join|Joindre|Unir|Verbinden|結合|जोड़ें|连接|連接|Unir|Unisci|연결
Join endpoints|Joindre les extrémités|Unir extremos|Endpunkte verbinden|端点を結合|अंतिम बिंदु जोड़ें|连接端点|連接端點|Unir extremidades|Unisci estremi|끝점 연결
Close path|Fermer le tracé|Cerrar trazado|Pfad schließen|パスを閉じる|पाथ बंद करें|闭合路径|閉合路徑|Fechar caminho|Chiudi tracciato|패스 닫기
Continue path|Continuer le tracé|Continuar trazado|Pfad fortsetzen|パスを続ける|पाथ जारी रखें|继续路径|繼續路徑|Continuar caminho|Continua tracciato|패스 이어 그리기
Finish path|Terminer le tracé|Finalizar trazado|Pfad abschließen|パスを終了|पाथ पूरा करें|完成路径|完成路徑|Concluir caminho|Termina tracciato|패스 완료
Outline stroke|Vectoriser le trait|Contornear trazo|Konturlinie erzeugen|線をアウトライン化|स्ट्रोक की रूपरेखा बनाएँ|描边转轮廓|筆畫轉外框|Contornar traço|Converti tratto in contorno|선 윤곽 만들기
Create outline|Créer le contour|Crear contorno|Kontur erstellen|アウトラインを作成|रूपरेखा बनाएँ|创建轮廓|建立外框|Criar contorno|Crea contorno|윤곽 만들기
Show fill|Afficher le fond|Mostrar relleno|Füllung anzeigen|塗りを表示|भराव दिखाएँ|显示填充|顯示填色|Mostrar preenchimento|Mostra riempimento|채우기 표시
Show grid|Afficher la grille|Mostrar cuadrícula|Raster anzeigen|グリッドを表示|ग्रिड दिखाएँ|显示网格|顯示格線|Mostrar grade|Mostra griglia|격자 표시
Snap to grid|Aligner sur la grille|Ajustar a cuadrícula|Am Raster ausrichten|グリッドにスナップ|ग्रिड पर स्नैप करें|吸附到网格|貼齊格線|Ajustar à grade|Aggancia alla griglia|격자에 맞추기
Fit|Ajuster|Ajustar|Einpassen|全体を表示|फ़िट करें|适合窗口|符合視窗|Ajustar|Adatta|맞추기
Focus|Isoler|Enfocar|Fokus|フォーカス|फ़ोकस|聚焦|聚焦|Focar|Isola|집중
Focus selection|Isoler la sélection|Enfocar selección|Auswahl fokussieren|選択範囲にフォーカス|चयन पर फ़ोकस|聚焦选区|聚焦選取範圍|Focar seleção|Isola selezione|선택 항목에 집중
Close contours|Fermer les contours|Cerrar contornos|Konturen schließen|輪郭を閉じる|रूपरेखाएँ बंद करें|闭合轮廓|閉合輪廓|Fechar contornos|Chiudi contorni|윤곽 닫기
Delete contours|Supprimer les contours|Eliminar contornos|Konturen löschen|輪郭を削除|रूपरेखाएँ मिटाएँ|删除轮廓|刪除輪廓|Excluir contornos|Elimina contorni|윤곽 삭제
Select filled outlines|Sélectionner les contours remplis|Seleccionar contornos rellenos|Gefüllte Konturen auswählen|塗りのある輪郭を選択|भरी रूपरेखाएँ चुनें|选择填充轮廓|選取填色外框|Selecionar contornos preenchidos|Seleziona contorni pieni|채워진 윤곽 선택
Select open paths|Sélectionner les tracés ouverts|Seleccionar trazados abiertos|Offene Pfade auswählen|開いたパスを選択|खुले पाथ चुनें|选择开放路径|選取開放路徑|Selecionar caminhos abertos|Seleziona tracciati aperti|열린 패스 선택
Pen width|Épaisseur de plume|Ancho de pluma|Stiftbreite|ペンの幅|पेन की चौड़ाई|笔宽|筆寬|Largura da caneta|Spessore penna|펜 너비
Stroke width|Épaisseur du trait|Ancho del trazo|Konturstärke|線幅|स्ट्रोक की चौड़ाई|描边宽度|筆畫寬度|Espessura do traço|Spessore tratto|선 너비
Preview appearance|Apparence de l’aperçu|Apariencia de vista previa|Vorschau-Darstellung|プレビューの外観|प्रीव्यू की दिखावट|预览外观|預覽外觀|Aparência da prévia|Aspetto anteprima|미리보기 모양
Preview ink|Encre de l’aperçu|Tinta de vista previa|Vorschau-Tintenfarbe|プレビューのインク|प्रीव्यू की स्याही|预览墨色|預覽墨色|Tinta da prévia|Inchiostro anteprima|미리보기 잉크
Canvas|Canevas|Lienzo|Zeichenfläche|キャンバス|कैनवस|画布|畫布|Tela|Tela|캔버스
Board|Planche|Tablero|Board|ボード|बोर्ड|排版板|排版板|Painel|Tavola|보드
Layout|Mise en page|Diseño|Layout|レイアウト|लेआउट|布局|版面|Layout|Layout|레이아웃
Typography|Typographie|Tipografía|Typografie|タイポグラフィ|टाइपोग्राफ़ी|排版|排版|Tipografia|Tipografia|타이포그래피
Arrangement|Disposition|Organización|Anordnung|配置|व्यवस्था|排列|排列|Organização|Disposizione|배치
Properties|Propriétés|Propiedades|Eigenschaften|プロパティ|गुण|属性|屬性|Propriedades|Proprietà|속성
Layers|Calques|Capas|Ebenen|レイヤー|लेयर|图层|圖層|Camadas|Livelli|레이어
Inspector|Inspecteur|Inspector|Inspektor|インスペクタ|इंस्पेक्टर|检查器|檢查器|Inspetor|Inspector|속성 패널
New space|Nouvel espace|Nuevo espacio|Neuer Space|新規スペース|नया स्पेस|新建空间|新增空間|Novo espaço|Nuovo spazio|새 스페이스
Create a space|Créer un espace|Crear un espacio|Space erstellen|スペースを作成|स्पेस बनाएँ|创建空间|建立空間|Criar um espaço|Crea uno spazio|스페이스 만들기
Create typeboard|Créer une planche|Crear tablero|Typografie-Board erstellen|ボードを作成|टाइपबोर्ड बनाएँ|创建排版板|建立排版板|Criar painel tipográfico|Crea tavola tipografica|타이포보드 만들기
No typeboards|Aucune planche|No hay tableros|Keine Typografie-Boards|ボードがありません|कोई टाइपबोर्ड नहीं|没有排版板|沒有排版板|Nenhum painel tipográfico|Nessuna tavola tipografica|타이포보드 없음
New canvas|Nouveau canevas|Nuevo lienzo|Neue Zeichenfläche|新規キャンバス|नया कैनवस|新建画布|新增畫布|Nova tela|Nuova tela|새 캔버스
Duplicate canvas|Dupliquer le canevas|Duplicar lienzo|Zeichenfläche duplizieren|キャンバスを複製|कैनवस डुप्लिकेट करें|复制画布|複製畫布|Duplicar tela|Duplica tela|캔버스 복제
Delete canvas|Supprimer le canevas|Eliminar lienzo|Zeichenfläche löschen|キャンバスを削除|कैनवस मिटाएँ|删除画布|刪除畫布|Excluir tela|Elimina tela|캔버스 삭제
Delete space|Supprimer l’espace|Eliminar espacio|Space löschen|スペースを削除|स्पेस मिटाएँ|删除空间|刪除空間|Excluir espaço|Elimina spazio|스페이스 삭제
Delete typeboard|Supprimer la planche|Eliminar tablero|Typografie-Board löschen|ボードを削除|टाइपबोर्ड मिटाएँ|删除排版板|刪除排版板|Excluir painel|Elimina tavola|타이포보드 삭제
Rename space|Renommer l’espace|Renombrar espacio|Space umbenennen|スペース名を変更|स्पेस का नाम बदलें|重命名空间|重新命名空間|Renomear espaço|Rinomina spazio|스페이스 이름 변경
Rename typeboard|Renommer la planche|Renombrar tablero|Typografie-Board umbenennen|ボード名を変更|टाइपबोर्ड का नाम बदलें|重命名排版板|重新命名排版板|Renomear painel|Rinomina tavola|타이포보드 이름 변경
Import space|Importer un espace|Importar espacio|Space importieren|スペースを読み込む|स्पेस इम्पोर्ट करें|导入空间|輸入空間|Importar espaço|Importa spazio|스페이스 가져오기
Focus canvas|Isoler le canevas|Enfocar lienzo|Zeichenfläche fokussieren|キャンバスにフォーカス|कैनवस पर फ़ोकस|聚焦画布|聚焦畫布|Focar tela|Isola tela|캔버스에 집중
Exit focus|Quitter l’isolation|Salir del enfoque|Fokus verlassen|フォーカスを解除|फ़ोकस से निकलें|退出聚焦|結束聚焦|Sair do foco|Esci dall’isolamento|집중 모드 종료
Show every canvas|Afficher tous les canevas|Mostrar todos los lienzos|Alle Zeichenflächen anzeigen|すべてのキャンバスを表示|सभी कैनवस दिखाएँ|显示所有画布|顯示所有畫布|Mostrar todas as telas|Mostra tutte le tele|모든 캔버스 보기
Previous Canvas|Canevas précédent|Lienzo anterior|Vorherige Zeichenfläche|前のキャンバス|पिछला कैनवस|上一个画布|上一個畫布|Tela anterior|Tela precedente|이전 캔버스
Next Canvas|Canevas suivant|Lienzo siguiente|Nächste Zeichenfläche|次のキャンバス|अगला कैनवस|下一个画布|下一個畫布|Próxima tela|Tela successiva|다음 캔버스
Fit Canvas Width|Ajuster à la largeur|Ajustar ancho del lienzo|Zeichenflächenbreite einpassen|キャンバスの幅に合わせる|कैनवस की चौड़ाई फ़िट करें|适合画布宽度|符合畫布寬度|Ajustar à largura da tela|Adatta alla larghezza|캔버스 너비에 맞추기
Toggle Inspector|Afficher/masquer l’inspecteur|Mostrar/ocultar inspector|Inspektor ein-/ausblenden|インスペクタを切り替え|इंस्पेक्टर दिखाएँ/छिपाएँ|切换检查器|切換檢查器|Alternar inspetor|Mostra/nascondi inspector|속성 패널 전환
Text color|Couleur du texte|Color del texto|Textfarbe|文字色|टेक्स्ट का रंग|文本颜色|文字顏色|Cor do texto|Colore testo|텍스트 색상
Text role|Rôle du texte|Rol del texto|Textrolle|テキストの役割|टेक्स्ट की भूमिका|文本角色|文字角色|Função do texto|Ruolo del testo|텍스트 역할
Type role|Rôle typographique|Rol tipográfico|Typografierolle|文字の役割|टाइप की भूमिका|排版角色|排版角色|Função tipográfica|Ruolo tipografico|타이포그래피 역할
Image|Image|Imagen|Bild|画像|चित्र|图像|影像|Imagem|Immagine|이미지
Shape|Forme|Forma|Form|図形|आकृति|形状|形狀|Forma|Forma|도형
Remove image|Retirer l’image|Quitar imagen|Bild entfernen|画像を削除|चित्र हटाएँ|移除图像|移除影像|Remover imagem|Rimuovi immagine|이미지 제거
Add text box|Ajouter une zone de texte|Añadir cuadro de texto|Textfeld hinzufügen|テキストボックスを追加|टेक्स्ट बॉक्स जोड़ें|添加文本框|加入文字框|Adicionar caixa de texto|Aggiungi casella di testo|텍스트 상자 추가
Add section|Ajouter une section|Añadir sección|Abschnitt hinzufügen|セクションを追加|सेक्शन जोड़ें|添加区块|加入區塊|Adicionar seção|Aggiungi sezione|섹션 추가
Opacity|Opacité|Opacidad|Deckkraft|不透明度|अपारदर्शिता|不透明度|不透明度|Opacidade|Opacità|불투명도
Fill opacity|Opacité du fond|Opacidad del relleno|Fülldeckkraft|塗りの不透明度|भराव की अपारदर्शिता|填充不透明度|填色不透明度|Opacidade do preenchimento|Opacità riempimento|채우기 불투명도
Stroke opacity|Opacité du trait|Opacidad del trazo|Konturdeckkraft|線の不透明度|स्ट्रोक की अपारदर्शिता|描边不透明度|筆畫不透明度|Opacidade do traço|Opacità tratto|선 불투명도
Corner radius|Rayon des coins|Radio de esquinas|Eckenradius|角丸の半径|कोने की त्रिज्या|圆角半径|圓角半徑|Raio dos cantos|Raggio angoli|모서리 반경
Corners|Coins|Esquinas|Ecken|角|कोने|角|角|Cantos|Angoli|모서리
Format|Format|Formato|Format|形式|फ़ॉर्मैट|格式|格式|Formato|Formato|형식
Destination|Destination|Destino|Ziel|保存先|गंतव्य|目标位置|目的地|Destino|Destinazione|대상
Import artwork|Importer un dessin|Importar ilustración|Grafik importieren|アートワークを読み込む|कलाकृति इम्पोर्ट करें|导入图稿|輸入圖稿|Importar arte|Importa disegno|아트워크 가져오기
Import your letter artwork|Importer vos dessins de lettres|Importa tus dibujos de letras|Eigene Buchstaben importieren|描いた文字を読み込む|अपने अक्षरों की कलाकृति इम्पोर्ट करें|导入您的字母图稿|輸入您的字母圖稿|Importe seus desenhos de letras|Importa i tuoi disegni di lettere|글자 아트워크 가져오기
Your drawings → editable glyphs|Vos dessins → glyphes modifiables|Tus dibujos → glifos editables|Deine Zeichnungen → editierbare Glyphen|描いた文字 → 編集可能な字形|आपके चित्र → संपादन योग्य ग्लिफ़|您的绘画 → 可编辑字形|您的繪畫 → 可編輯字形|Seus desenhos → glifos editáveis|I tuoi disegni → glifi modificabili|내 그림 → 편집 가능한 글리프
On your Mac|Sur votre Mac|En tu Mac|Auf deinem Mac|このMac上|आपके Mac पर|在您的 Mac 上|在您的 Mac 上|No seu Mac|Sul tuo Mac|이 Mac에서
Import into|Importer dans|Importar en|Importieren in|読み込み先|इसमें इम्पोर्ट करें|导入到|輸入至|Importar em|Importa in|가져올 위치
Keep detail|Conserver les détails|Conservar detalle|Details erhalten|細部を保持|बारीकियाँ रखें|保留细节|保留細節|Manter detalhes|Mantieni dettagli|세부사항 유지
Clean scan|Nettoyer le scan|Limpiar escaneo|Scan bereinigen|スキャンをクリーンアップ|स्कैन साफ़ करें|清理扫描|清理掃描|Limpar digitalização|Pulisci scansione|스캔 정리
Heavy cleanup|Nettoyage renforcé|Limpieza intensa|Starke Bereinigung|強いクリーンアップ|गहरी सफ़ाई|深度清理|深度清理|Limpeza intensa|Pulizia intensa|강하게 정리
Light ink|Encre légère|Tinta tenue|Helle Tinte|薄いインク|हल्की स्याही|浅色墨迹|淺色墨跡|Tinta clara|Inchiostro chiaro|옅은 잉크
Remove tiny specks|Retirer les petites taches|Eliminar motas pequeñas|Kleine Flecken entfernen|小さな汚れを除去|छोटे धब्बे हटाएँ|去除微小杂点|去除微小雜點|Remover pequenos pontos|Rimuovi piccoli punti|작은 얼룩 제거
Rescan|Relancer le scan|Volver a escanear|Erneut scannen|再スキャン|फिर स्कैन करें|重新扫描|重新掃描|Digitalizar novamente|Ripeti scansione|다시 스캔
Clear regions|Effacer les zones|Borrar regiones|Bereiche löschen|領域をクリア|क्षेत्र साफ़ करें|清除区域|清除區域|Limpar regiões|Cancella aree|영역 지우기
Apply order|Appliquer l’ordre|Aplicar orden|Reihenfolge anwenden|順序を適用|क्रम लागू करें|应用顺序|套用順序|Aplicar ordem|Applica ordine|순서 적용
Source & letter regions|Source et zones des lettres|Origen y regiones de letras|Quelle & Buchstabenbereiche|元画像と文字の領域|स्रोत और अक्षर क्षेत्र|来源与字母区域|來源與字母區域|Origem e regiões de letras|Origine e aree delle lettere|원본 및 글자 영역
Settings changed. Rescan before importing.|Réglages modifiés. Relancez le scan avant d’importer.|Los ajustes cambiaron. Vuelve a escanear antes de importar.|Einstellungen geändert. Vor dem Import erneut scannen.|設定が変更されました。読み込む前に再スキャンしてください。|सेटिंग्स बदली हैं। इम्पोर्ट करने से पहले फिर स्कैन करें।|设置已更改。请在导入前重新扫描。|設定已變更。請在輸入前重新掃描。|Ajustes alterados. Digitalize novamente antes de importar.|Impostazioni modificate. Ripeti la scansione prima di importare.|설정이 변경되었습니다. 가져오기 전에 다시 스캔하세요.
I checked the regions, character labels, and traced shapes.|J’ai vérifié les zones, les caractères et les formes vectorisées.|He revisado las regiones, las etiquetas y las formas trazadas.|Ich habe Bereiche, Zeichenbeschriftungen und Konturen geprüft.|領域、文字ラベル、トレースした形状を確認しました。|मैंने क्षेत्र, अक्षर लेबल और ट्रेस की गई आकृतियाँ जाँच ली हैं।|我已检查区域、字符标签和描摹形状。|我已檢查區域、字元標籤和描圖形狀。|Conferi as regiões, os caracteres e as formas traçadas.|Ho controllato aree, etichette e forme tracciate.|영역, 문자 레이블, 트레이싱된 도형을 확인했습니다.
Edit point|Modifier le point|Editar punto|Punkt bearbeiten|点を編集|बिंदु संपादित करें|编辑节点|編輯節點|Editar ponto|Modifica punto|점 편집
Point to edit|Point à modifier|Punto a editar|Zu bearbeitender Punkt|編集する点|संपादित करने का बिंदु|要编辑的节点|要編輯的節點|Ponto a editar|Punto da modificare|편집할 점
Solid point|Point plein|Punto sólido|Ankerpunkt|アンカーポイント|ठोस बिंदु|实心节点|實心節點|Ponto sólido|Punto pieno|앵커 포인트
Upper handle|Poignée supérieure|Tirador superior|Oberer Griff|上のハンドル|ऊपरी हैंडल|上方控制柄|上方控制柄|Alça superior|Maniglia superiore|위쪽 핸들
Lower handle|Poignée inférieure|Tirador inferior|Unterer Griff|下のハンドル|निचला हैंडल|下方控制柄|下方控制柄|Alça inferior|Maniglia inferiore|아래쪽 핸들
Move|Déplacer|Mover|Verschieben|移動|खिसकाएँ|移动|移動|Mover|Sposta|이동
up|haut|arriba|oben|上|ऊपर|上|上|cima|su|위
Down|Bas|Abajo|Unten|下|नीचे|下|下|Baixo|Giù|아래
Left|Gauche|Izquierda|Links|左|बाएँ|左|左|Esquerda|Sinistra|왼쪽
Right|Droite|Derecha|Rechts|右|दाएँ|右|右|Direita|Destra|오른쪽
Reset curve and handles|Réinitialiser la courbe et les poignées|Restablecer curva y tiradores|Kurve und Griffe zurücksetzen|カーブとハンドルをリセット|वक्र और हैंडल रीसेट करें|重置曲线和控制柄|重置曲線和控制柄|Redefinir curva e alças|Ripristina curva e maniglie|곡선 및 핸들 재설정
Categories|Catégories|Categorías|Kategorien|カテゴリ|श्रेणियाँ|类别|類別|Categorias|Categorie|분류
Languages / Scripts|Langues / écritures|Idiomas / escrituras|Sprachen / Schriftsysteme|言語・文字体系|भाषाएँ / लिपियाँ|语言／文字系统|語言／文字系統|Idiomas / escritas|Lingue / scritture|언어 / 문자 체계
Saved searches|Recherches enregistrées|Búsquedas guardadas|Gespeicherte Suchen|保存した検索|सहेजी गई खोजें|已保存的搜索|已儲存的搜尋|Buscas salvas|Ricerche salvate|저장된 검색
Last Import|Dernier import|Última importación|Letzter Import|前回の読み込み|पिछला इम्पोर्ट|上次导入|上次輸入|Última importação|Ultima importazione|최근 가져오기
Sans Serif|Sans empattements|Sin serifas|Serifenlos|サンセリフ|सैंस सेरिफ़|无衬线体|無襯線體|Sem serifa|Senza grazie|산세리프
Monospaced|Chasse fixe|Monoespaciada|Nichtproportional|等幅|समान चौड़ाई|等宽体|等寬體|Monoespaçada|Monospaziato|고정폭
Script|Manuscrites|Caligráficas|Schreibschrift|スクリプト|हस्तलिखित|手写体|手寫體|Manuscrita|Calligrafico|필기체
Display|Titrage|Decorativas|Dekorativ|ディスプレイ|डिस्प्ले|展示字体|展示字體|Decorativa|Decorativo|디스플레이
Symbols|Symboles|Símbolos|Symbole|記号|प्रतीक|符号|符號|Símbolos|Simboli|기호
Unclassified|Non classées|Sin clasificar|Nicht klassifiziert|未分類|अवर्गीकृत|未分类|未分類|Sem categoria|Non classificato|미분류
Tag filters|Filtres d’étiquettes|Filtros de etiquetas|Tag-Filter|タグフィルタ|टैग फ़िल्टर|标签筛选|標籤篩選|Filtros de etiquetas|Filtri tag|태그 필터
Tag filters (active)|Filtres d’étiquettes (actifs)|Filtros de etiquetas (activos)|Tag-Filter (aktiv)|タグフィルタ（有効）|टैग फ़िल्टर (सक्रिय)|标签筛选（已启用）|標籤篩選（已啟用）|Filtros de etiquetas (ativos)|Filtri tag (attivi)|태그 필터 (활성)
Variable fonts|Polices variables|Fuentes variables|Variable Schriften|バリアブルフォント|वेरिएबल फ़ॉन्ट|可变字体|可變字體|Fontes variáveis|Font variabili|가변 서체
User / third-party|Utilisateur / tiers|Usuario / terceros|Benutzer / Drittanbieter|ユーザ・サードパーティ|उपयोगकर्ता / तृतीय पक्ष|用户／第三方|使用者／第三方|Usuário / terceiros|Utente / terze parti|사용자 / 타사
Name A–Z|Nom A–Z|Nombre A–Z|Name A–Z|名前 A–Z|नाम A–Z|名称 A–Z|名稱 A–Z|Nome A–Z|Nome A–Z|이름 A–Z
Name Z–A|Nom Z–A|Nombre Z–A|Name Z–A|名前 Z–A|नाम Z–A|名称 Z–A|名稱 Z–A|Nome Z–A|Nome Z–A|이름 Z–A
Most styles|Plus de styles|Más estilos|Meiste Stile|スタイル数順|सबसे अधिक शैलियाँ|样式最多|樣式最多|Mais estilos|Più stili|스타일 많은 순
Include|Inclure|Incluir|Einschließen|含める|शामिल करें|包含|包含|Incluir|Includi|포함
Exclude|Exclure|Excluir|Ausschließen|除外|बाहर रखें|排除|排除|Excluir|Escludi|제외
Any|Tous|Cualquiera|Beliebig|すべて|कोई भी|任意|任意|Qualquer|Qualsiasi|모두
On|Activé|Activado|Ein|オン|चालू|开|開|Ativado|Attivo|켬
Off|Désactivé|Desactivado|Aus|オフ|बंद|关|關|Desativado|Disattivo|끔
Center|Centrer|Centro|Zentriert|中央|बीच|居中|置中|Centro|Centro|가운데
Justified|Justifié|Justificado|Blocksatz|両端揃え|दोनों ओर संरेखित|两端对齐|左右對齊|Justificado|Giustificato|양쪽 맞춤
Rename collection|Renommer la collection|Renombrar colección|Sammlung umbenennen|コレクション名を変更|कलेक्शन का नाम बदलें|重命名收藏集|重新命名收藏集|Renomear coleção|Rinomina raccolta|모음 이름 변경
Delete collection|Supprimer la collection|Eliminar colección|Sammlung löschen|コレクションを削除|कलेक्शन मिटाएँ|删除收藏集|刪除收藏集|Excluir coleção|Elimina raccolta|모음 삭제
Save current search|Enregistrer cette recherche|Guardar búsqueda actual|Aktuelle Suche sichern|現在の検索を保存|वर्तमान खोज सहेजें|保存当前搜索|儲存目前搜尋|Salvar busca atual|Salva ricerca attuale|현재 검색 저장
Delete saved search|Supprimer la recherche|Eliminar búsqueda guardada|Gespeicherte Suche löschen|保存した検索を削除|सहेजी गई खोज मिटाएँ|删除已保存的搜索|刪除已儲存的搜尋|Excluir busca salva|Elimina ricerca salvata|저장된 검색 삭제
Open in new window|Ouvrir dans une nouvelle fenêtre|Abrir en nueva ventana|In neuem Fenster öffnen|新しいウインドウで開く|नई विंडो में खोलें|在新窗口中打开|在新視窗中打開|Abrir em nova janela|Apri in nuova finestra|새 윈도우에서 열기
View all styles|Voir tous les styles|Ver todos los estilos|Alle Stile anzeigen|すべてのスタイルを表示|सभी शैलियाँ देखें|查看所有样式|檢視所有樣式|Ver todos os estilos|Mostra tutti gli stili|모든 스타일 보기
Copy family name|Copier le nom de famille|Copiar nombre de familia|Familiennamen kopieren|ファミリー名をコピー|फ़ैमिली का नाम कॉपी करें|拷贝字族名称|拷貝字族名稱|Copiar nome da família|Copia nome della famiglia|서체군 이름 복사
Copy Family Names|Copier les noms de familles|Copiar nombres de familias|Familiennamen kopieren|ファミリー名をコピー|फ़ैमिली के नाम कॉपी करें|拷贝字族名称|拷貝字族名稱|Copiar nomes das famílias|Copia nomi delle famiglie|서체군 이름 복사
Toggle Favorites|Ajouter/retirer des favoris|Alternar favoritas|Favoriten umschalten|お気に入りを切り替え|पसंदीदा स्थिति बदलें|切换收藏|切換喜好項目|Alternar favoritas|Attiva/disattiva preferiti|즐겨찾기 전환
Deselect Families|Désélectionner les familles|Deseleccionar familias|Familien abwählen|ファミリーの選択を解除|फ़ैमिली का चयन हटाएँ|取消选择字族|取消選取字族|Desmarcar famílias|Deseleziona famiglie|서체군 선택 해제
Replace Selection with Visible|Sélectionner les éléments visibles|Seleccionar elementos visibles|Sichtbare als Auswahl verwenden|表示中の項目を選択|दिख रहे आइटम चुनें|选择可见项|選取可見項|Selecionar itens visíveis|Seleziona elementi visibili|보이는 항목으로 선택 바꾸기
Edit Tags|Modifier les étiquettes|Editar etiquetas|Tags bearbeiten|タグを編集|टैग संपादित करें|编辑标签|編輯標籤|Editar etiquetas|Modifica tag|태그 편집
Edit family|Modifier la famille|Editar familia|Familie bearbeiten|ファミリーを編集|फ़ैमिली संपादित करें|编辑字族|編輯字族|Editar família|Modifica famiglia|서체군 편집
Set category|Définir la catégorie|Definir categoría|Kategorie festlegen|カテゴリを設定|श्रेणी तय करें|设置类别|設定類別|Definir categoria|Imposta categoria|분류 설정
Include tag|Inclure l’étiquette|Incluir etiqueta|Tag einschließen|タグを含める|टैग शामिल करें|包含标签|包含標籤|Incluir etiqueta|Includi tag|태그 포함
Exclude tag|Exclure l’étiquette|Excluir etiqueta|Tag ausschließen|タグを除外|टैग बाहर रखें|排除标签|排除標籤|Excluir etiqueta|Escludi tag|태그 제외
Dismiss|Fermer|Descartar|Schließen|閉じる|खारिज करें|关闭|關閉|Dispensar|Chiudi|닫기
Pop Out Spaces|Détacher Espaces|Separar Espacios|Spaces ablösen|スペースを別ウインドウに|स्पेस अलग विंडो में खोलें|在独立窗口中打开空间|在獨立視窗中打開空間|Destacar Espaços|Stacca Spazi|스페이스 별도 윈도우로 열기
Pop Out Letterform Editor|Détacher l’éditeur de lettres|Separar editor de letras|Buchstabeneditor ablösen|文字エディタを別ウインドウに|अक्षर संपादक अलग विंडो में खोलें|在独立窗口中打开字形编辑器|在獨立視窗中打開字形編輯器|Destacar editor de letras|Stacca editor di lettere|글자 편집기 별도 윈도우로 열기
Dock Editor Window|Rattacher l’éditeur|Acoplar editor|Editor andocken|エディタを戻す|संपादक विंडो डॉक करें|停靠编辑器窗口|停駐編輯器視窗|Acoplar editor|Aggancia editor|편집기 윈도우 도킹
Dock Inspector to Main Window|Rattacher l’inspecteur|Acoplar inspector a ventana principal|Inspektor am Hauptfenster andocken|インスペクタをメインウインドウに戻す|इंस्पेक्टर मुख्य विंडो में डॉक करें|将检查器停靠到主窗口|將檢查器停駐到主視窗|Acoplar inspetor à janela principal|Aggancia inspector alla finestra principale|속성 패널을 기본 윈도우에 도킹
Dock|Rattacher|Acoplar|Andocken|戻す|डॉक करें|停靠|停駐|Acoplar|Aggancia|도킹
Spaces Objects|Objets d’Espaces|Objetos de Espacios|Spaces-Objekte|スペースのオブジェクト|स्पेस ऑब्जेक्ट|空间对象|空間物件|Objetos de Espaços|Oggetti di Spazi|스페이스 객체
Spaces Tools|Outils d’Espaces|Herramientas de Espacios|Spaces-Werkzeuge|スペースのツール|स्पेस टूल|空间工具|空間工具|Ferramentas de Espaços|Strumenti di Spazi|스페이스 도구
Full|Complet|Completo|Vollständig|全体|पूरा|完整|完整|Completo|Completo|전체
Slim|Compact|Compacto|Kompakt|コンパクト|संक्षिप्त|精简|精簡|Compacto|Compatto|간략히
Hidden|Masqué|Oculto|Ausgeblendet|非表示|छिपा हुआ|隐藏|隱藏|Oculto|Nascosto|가림
Floating|Flottant|Flotante|Schwebend|フローティング|फ़्लोटिंग|浮动|浮動|Flutuante|Mobile|플로팅
Auto|Auto|Auto|Auto|自動|ऑटो|自动|自動|Auto|Auto|자동
Cursor mode|Mode du curseur|Modo del cursor|Cursormodus|カーソルモード|कर्सर मोड|光标模式|游標模式|Modo do cursor|Modalità cursore|커서 모드
Drag the solid point to move the curve.\nDrag hollow handles to change its shape.|Déplacez le point plein pour déplacer la courbe.\nDéplacez les poignées creuses pour modifier sa forme.|Arrastra el punto sólido para mover la curva.\nArrastra los tiradores huecos para cambiar su forma.|Ziehe den vollen Punkt, um die Kurve zu bewegen.\nZiehe die hohlen Griffe, um ihre Form zu ändern.|塗りつぶされた点でカーブを移動します。\n中空のハンドルで形を変えます。|वक्र खिसकाने के लिए ठोस बिंदु खींचें।\nआकार बदलने के लिए खोखले हैंडल खींचें।|拖动实心节点来移动曲线。\n拖动空心控制柄来改变形状。|拖曳實心節點來移動曲線。\n拖曳空心控制柄來改變形狀。|Arraste o ponto sólido para mover a curva.\nArraste as alças vazadas para mudar a forma.|Trascina il punto pieno per spostare la curva.\nTrascina le maniglie vuote per modificarne la forma.|채워진 점을 드래그하여 곡선을 이동하세요.\n빈 핸들을 드래그하여 모양을 바꾸세요.
Close the tour. Reopen it from the Help menu.|Fermez la visite. Rouvrez-la depuis le menu Aide.|Cierra el recorrido. Vuelve a abrirlo desde Ayuda.|Einführung schließen. Im Hilfemenü erneut öffnen.|ツアーを閉じます。「ヘルプ」メニューから再度開けます。|परिचय बंद करें। मदद मेन्यू से फिर खोलें।|关闭导览。可从“帮助”菜单重新打开。|關閉導覽。可從「輔助說明」選單重新打開。|Feche o tour. Reabra pelo menu Ajuda.|Chiudi il tour. Riaprilo dal menu Aiuto.|둘러보기를 닫습니다. 도움말 메뉴에서 다시 열 수 있습니다.
Font drawing guides|Repères de dessin des lettres|Guías para dibujar letras|Hilfslinien zum Schriftzeichnen|文字作成ガイド|अक्षर बनाने की गाइड|字体绘制参考线|字體繪製參考線|Guias de desenho de letras|Guide per disegnare lettere|글자 그리기 안내선
Your specimen text|Votre texte d’essai|Tu texto de muestra|Dein Mustertext|サンプルテキスト|आपका नमूना टेक्स्ट|您的示例文本|您的範例文字|Seu texto de amostra|Il tuo testo di esempio|샘플 텍스트
Step %lld of 4: %@|Étape %lld sur 4 : %@|Paso %lld de 4: %@|Schritt %lld von 4: %@|ステップ %lld/4：%@|चरण %lld / 4: %@|第 %lld 步，共 4 步：%@|第 %lld 步，共 4 步：%@|Etapa %lld de 4: %@|Passaggio %lld di 4: %@|4단계 중 %lld단계: %@
Version %@ (%@)|Version %@ (%@)|Versión %@ (%@)|Version %@ (%@)|バージョン %@（%@）|संस्करण %@ (%@)|版本 %@（%@）|版本 %@（%@）|Versão %@ (%@)|Versione %@ (%@)|버전 %@ (%@)
Last checked: %@|Dernière vérification : %@|Última comprobación: %@|Zuletzt geprüft: %@|前回の確認：%@|पिछली जाँच: %@|上次检查：%@|上次檢查：%@|Última verificação: %@|Ultima verifica: %@|마지막 확인: %@
%lld pt|%lld pt|%lld pt|%lld pt|%lld pt|%lld pt|%lld 磅|%lld 點|%lld pt|%lld pt|%lldpt
%lld points|%lld points|%lld puntos|%lld Punkt|%lld ポイント|%lld पॉइंट|%lld 磅|%lld 點|%lld pontos|%lld punti|%lld포인트
Shortlist (%lld)|Sélection (%lld)|Selección (%lld)|Vorauswahl (%lld)|候補リスト（%lld）|शॉर्टलिस्ट (%lld)|候选列表（%lld）|候選清單（%lld）|Seleção (%lld)|Selezione (%lld)|후보 목록 (%lld)
Live folders (%lld)|Dossiers suivis (%lld)|Carpetas supervisadas (%lld)|Überwachte Ordner (%lld)|監視フォルダ（%lld）|निगरानी फ़ोल्डर (%lld)|监控文件夹（%lld）|監控檔案夾（%lld）|Pastas monitoradas (%lld)|Cartelle monitorate (%lld)|모니터링 폴더 (%lld)
%lld selected|%lld sélectionnés|%lld seleccionados|%lld ausgewählt|%lld 個選択中|%lld चुने गए|已选择 %lld 项|已選取 %lld 項|%lld selecionados|%lld selezionati|%lld개 선택됨
%lld of %lld drawn|%lld sur %lld dessinés|%lld de %lld dibujados|%lld von %lld gezeichnet|%lld/%lld 作成済み|%lld / %lld बनाए गए|已绘制 %lld/%lld|已繪製 %lld/%lld|%lld de %lld desenhados|%lld di %lld disegnati|%lld/%lld개 그림
%lld/%lld glyphs|%lld/%lld glyphes|%lld/%lld glifos|%lld/%lld Glyphen|%lld/%lld 字形|%lld/%lld ग्लिफ़|%lld/%lld 字形|%lld/%lld 字形|%lld/%lld glifos|%lld/%lld glifi|%lld/%lld개 글리프
Stored on this Mac|Stocké sur ce Mac|Guardado en este Mac|Auf diesem Mac gespeichert|このMacに保存|इस Mac पर सहेजा गया|存储在此 Mac 上|儲存在此 Mac 上|Armazenado neste Mac|Archiviato su questo Mac|이 Mac에 저장됨
Your collections, tags, notes, settings, projects, and folder bookmarks are stored locally. Typefield has no account, advertising, analytics, or tracking. It does not upload fonts, preview text, or your library.|Vos collections, étiquettes, notes, réglages, projets et favoris de dossiers sont stockés localement. Typefield n’utilise ni compte, ni publicité, ni analyse, ni suivi. Vos polices, textes d’aperçu et bibliothèque ne sont pas envoyés.|Tus colecciones, etiquetas, notas, ajustes, proyectos y marcadores de carpetas se guardan localmente. Typefield no usa cuentas, publicidad, análisis ni seguimiento. No sube fuentes, textos de vista previa ni tu biblioteca.|Sammlungen, Tags, Notizen, Einstellungen, Projekte und Ordner-Lesezeichen werden lokal gespeichert. Typefield hat keine Konten, Werbung, Analysen oder Nachverfolgung. Schriften, Vorschautext und Bibliothek werden nicht hochgeladen.|コレクション、タグ、メモ、設定、プロジェクト、フォルダのブックマークはローカルに保存されます。Typefieldにはアカウント、広告、アクセス解析、トラッキングがありません。フォント、プレビューテキスト、ライブラリをアップロードしません。|आपके कलेक्शन, टैग, नोट्स, सेटिंग्स, प्रोजेक्ट और फ़ोल्डर बुकमार्क स्थानीय रूप से सहेजे जाते हैं। Typefield में खाता, विज्ञापन, विश्लेषण या ट्रैकिंग नहीं है। यह फ़ॉन्ट, प्रीव्यू टेक्स्ट या लाइब्रेरी अपलोड नहीं करता।|收藏集、标签、备注、设置、项目和文件夹书签都存储在本地。Typefield 无需账户，也没有广告、分析或跟踪。它不会上传字体、预览文本或字体库。|收藏集、標籤、備註、設定、專案和檔案夾書籤都儲存在本機。Typefield 無需帳號，也沒有廣告、分析或追蹤。它不會上傳字體、預覽文字或字體庫。|Suas coleções, etiquetas, notas, ajustes, projetos e favoritos de pastas são armazenados localmente. O Typefield não tem conta, publicidade, análises ou rastreamento. Não envia fontes, texto de prévia ou sua biblioteca.|Raccolte, tag, note, impostazioni, progetti e segnalibri delle cartelle sono archiviati localmente. Typefield non usa account, pubblicità, analisi o tracciamento. Non carica font, testo di anteprima o la libreria.|모음, 태그, 메모, 설정, 프로젝트, 폴더 북마크는 로컬에 저장됩니다. Typefield에는 계정, 광고, 분석, 추적 기능이 없습니다. 서체, 미리보기 텍스트, 라이브러리를 업로드하지 않습니다.
Live-folder permissions|Autorisations des dossiers suivis|Permisos de carpetas supervisadas|Berechtigungen überwachter Ordner|監視フォルダのアクセス権|निगरानी फ़ोल्डर की अनुमतियाँ|监控文件夹权限|監控檔案夾權限|Permissões de pastas monitoradas|Autorizzazioni cartelle monitorate|모니터링 폴더 권한
Manage Live Folders|Gérer les dossiers suivis|Gestionar carpetas supervisadas|Überwachte Ordner verwalten|監視フォルダを管理|निगरानी फ़ोल्डर प्रबंधित करें|管理监控文件夹|管理監控檔案夾|Gerenciar pastas monitoradas|Gestisci cartelle monitorate|모니터링 폴더 관리
Google Fonts & network access|Google Fonts et accès réseau|Google Fonts y acceso a la red|Google Fonts & Netzwerkzugriff|Google Fontsとネットワークアクセス|Google Fonts और नेटवर्क ऐक्सेस|Google Fonts 与网络访问|Google Fonts 與網路存取|Google Fonts e acesso à rede|Google Fonts e accesso alla rete|Google Fonts 및 네트워크 접근
App updates|Mises à jour de l’app|Actualizaciones de la app|App-Updates|アプリのアップデート|ऐप अपडेट|应用更新|App 更新|Atualizações do app|Aggiornamenti dell’app|앱 업데이트
Exports & licensing|Exports et licences|Exportaciones y licencias|Exporte & Lizenzen|書き出しとライセンス|एक्सपोर्ट और लाइसेंस|导出与许可|輸出與授權|Exportações e licenciamento|Esportazioni e licenze|내보내기 및 라이선스
Get the latest published Typefield release, including new features and fixes. Your fonts, library, and projects stay on this Mac.|Obtenez la dernière version de Typefield, avec ses nouveautés et corrections. Vos polices, bibliothèque et projets restent sur ce Mac.|Obtén la última versión de Typefield, con nuevas funciones y correcciones. Tus fuentes, biblioteca y proyectos permanecen en este Mac.|Lade die neueste Typefield-Version mit neuen Funktionen und Korrekturen. Schriften, Bibliothek und Projekte bleiben auf diesem Mac.|新機能と修正を含む最新のTypefieldを入手できます。フォント、ライブラリ、プロジェクトはこのMacに保存されたままです。|नई सुविधाओं और सुधारों वाला नवीनतम Typefield संस्करण पाएँ। आपके फ़ॉन्ट, लाइब्रेरी और प्रोजेक्ट इसी Mac पर रहते हैं।|获取最新发布的 Typefield 版本，包括新功能和修复。您的字体、字体库和项目会保留在此 Mac 上。|取得最新發布的 Typefield 版本，包括新功能和修正。您的字體、字體庫和專案會保留在此 Mac 上。|Obtenha a versão mais recente do Typefield, com novos recursos e correções. Suas fontes, biblioteca e projetos ficam neste Mac.|Ottieni l’ultima versione di Typefield con nuove funzioni e correzioni. Font, libreria e progetti rimangono su questo Mac.|새로운 기능과 수정 사항이 포함된 최신 Typefield를 받으세요. 서체, 라이브러리, 프로젝트는 이 Mac에 유지됩니다.
Automatic checks run daily. With automatic installation enabled, updates can install when you quit Typefield. You can always check manually.|Les vérifications automatiques sont quotidiennes. Si l’installation automatique est activée, les mises à jour peuvent s’installer à la fermeture de Typefield. Vous pouvez toujours vérifier manuellement.|Las comprobaciones automáticas se realizan a diario. Con la instalación automática activada, las actualizaciones pueden instalarse al salir de Typefield. Siempre puedes comprobar manualmente.|Automatische Prüfungen erfolgen täglich. Bei aktivierter automatischer Installation können Updates beim Beenden von Typefield installiert werden. Manuelle Prüfungen sind jederzeit möglich.|自動確認は毎日行われます。自動インストールが有効な場合、Typefieldの終了時にアップデートをインストールできます。手動での確認もいつでも可能です。|अपने आप जाँच रोज़ होती है। ऑटोमैटिक इंस्टॉलेशन चालू होने पर Typefield बंद करते समय अपडेट इंस्टॉल हो सकते हैं। आप कभी भी खुद जाँच कर सकते हैं।|每天自动检查一次。启用自动安装后，更新可在退出 Typefield 时安装。您随时可以手动检查。|每天自動檢查一次。啟用自動安裝後，更新可在結束 Typefield 時安裝。您隨時可以手動檢查。|As verificações automáticas são diárias. Com a instalação automática ativa, as atualizações podem ser instaladas ao sair do Typefield. Você sempre pode verificar manualmente.|I controlli automatici avvengono ogni giorno. Con l’installazione automatica attiva, gli aggiornamenti possono installarsi quando esci da Typefield. Puoi sempre controllare manualmente.|자동 확인은 매일 실행됩니다. 자동 설치를 켜면 Typefield를 종료할 때 업데이트를 설치할 수 있습니다. 언제든 수동으로 확인할 수도 있습니다.
View Downloads & Release Information|Voir les téléchargements et les versions|Ver descargas e información de versiones|Downloads & Versionsinformationen|ダウンロードとリリース情報を見る|डाउनलोड और संस्करण जानकारी देखें|查看下载和版本信息|檢視下載和版本資訊|Ver downloads e informações da versão|Vedi download e informazioni sulla versione|다운로드 및 릴리스 정보 보기
Follow app matches Typefield’s appearance. Light and Dark stay fixed when the app or macOS changes.|Comme l’app suit l’apparence de Typefield. Clair et Sombre restent fixes si l’app ou macOS change.|Seguir la app usa la apariencia de Typefield. Claro y Oscuro no cambian al cambiar la app o macOS.|Wie die App folgt dem Erscheinungsbild von Typefield. Hell und Dunkel bleiben bei Änderungen der App oder von macOS unverändert.|「アプリに合わせる」はTypefieldの外観に従います。「ライト」と「ダーク」はアプリやmacOSの変更に影響されません。|ऐप के अनुसार विकल्प Typefield की दिखावट का पालन करता है। हल्का और गहरा ऐप या macOS बदलने पर भी वही रहते हैं।|“跟随应用”会匹配 Typefield 的外观。浅色和深色选项不会随应用或 macOS 的更改而变化。|「跟隨 App」會配合 Typefield 的外觀。淺色和深色選項不會隨 App 或 macOS 的變更而變化。|Seguir o app acompanha a aparência do Typefield. Claro e Escuro permanecem fixos quando o app ou o macOS muda.|Segui l’app usa l’aspetto di Typefield. Chiaro e Scuro rimangono fissi quando l’app o macOS cambia.|앱 설정 따르기는 Typefield의 모양을 따릅니다. 라이트와 다크는 앱이나 macOS가 변경되어도 유지됩니다.
Changes apply to the Dock while Typefield is running and are restored on launch. Finder and the app’s closed-state icon use the standard Porcelain artwork.|Les changements s’appliquent au Dock quand Typefield est ouvert et sont rétablis au lancement. Le Finder et l’icône de l’app fermée utilisent le visuel Porcelaine standard.|Los cambios se aplican al Dock mientras Typefield está abierto y se restauran al iniciar. Finder y el icono de la app cerrada usan el diseño Porcelana estándar.|Änderungen gelten im Dock, während Typefield läuft, und werden beim Start wiederhergestellt. Finder und das Symbol der geschlossenen App verwenden die Standardgrafik Porzellan.|変更はTypefieldの起動中にDockへ反映され、次回の起動時にも復元されます。Finderと終了中のアプリアイコンには標準のポーセリン画像を使います。|Typefield चलते समय बदलाव Dock में लागू होते हैं और लॉन्च पर बहाल होते हैं। Finder और बंद ऐप का आइकन मानक पोर्सिलेन डिज़ाइन इस्तेमाल करते हैं।|更改在 Typefield 运行时应用于程序坞，并在启动时恢复。访达和应用关闭时的图标使用标准瓷白设计。|變更在 Typefield 執行時套用至 Dock，並在啟動時回復。Finder 和 App 關閉時的圖像使用標準瓷白設計。|As alterações se aplicam ao Dock enquanto o Typefield está aberto e são restauradas ao iniciar. O Finder e o ícone do app fechado usam a arte Porcelana padrão.|Le modifiche si applicano al Dock mentre Typefield è aperto e vengono ripristinate all’avvio. Il Finder e l’icona dell’app chiusa usano la grafica Porcellana standard.|변경 사항은 Typefield 실행 중 Dock에 적용되며 시작 시 복원됩니다. Finder와 앱이 닫힌 상태의 아이콘에는 기본 포슬린 디자인이 사용됩니다.
Porcelain|Porcelaine|Porcelana|Porzellan|ポーセリン|पोर्सिलेन|瓷白|瓷白|Porcelana|Porcellana|포슬린
Ochre|Ocre|Ocre|Ocker|オーカー|गेरुआ|赭黄|赭黃|Ocre|Ocra|오커
Indigo|Indigo|Índigo|Indigo|インディゴ|नील|靛蓝|靛藍|Índigo|Indaco|인디고
Sage|Sauge|Salvia|Salbei|セージ|सेज|鼠尾草绿|鼠尾草綠|Sálvia|Salvia|세이지
Plum|Prune|Ciruela|Pflaume|プラム|आलूबुखारा|梅紫|梅紫|Ameixa|Prugna|플럼
Coral|Corail|Coral|Koralle|コーラル|मूंगा|珊瑚红|珊瑚紅|Coral|Corallo|코럴
No collections yet. Use + to create one.|Aucune collection. Utilisez + pour en créer une.|Aún no hay colecciones. Usa + para crear una.|Noch keine Sammlungen. Mit + erstellst du eine.|コレクションはまだありません。＋で作成できます。|अभी कोई कलेक्शन नहीं है। बनाने के लिए + इस्तेमाल करें।|尚无收藏集。使用 + 创建一个。|尚無收藏集。使用 + 建立一個。|Nenhuma coleção ainda. Use + para criar uma.|Nessuna raccolta. Usa + per crearne una.|아직 모음이 없습니다. +로 만드세요.
Save filters to revisit live results|Enregistrez les filtres pour retrouver les résultats|Guarda filtros para volver a los resultados|Filter sichern, um Ergebnisse erneut aufzurufen|フィルタを保存して結果を再確認|नतीजे फिर देखने के लिए फ़िल्टर सहेजें|保存筛选条件以便再次查看实时结果|儲存篩選條件以便再次檢視即時結果|Salve filtros para rever os resultados|Salva i filtri per rivedere i risultati|필터를 저장하여 결과 다시 보기
Try a different search or filter. Your current collection or Library section will stay selected.|Essayez une autre recherche ou un autre filtre. La collection ou section actuelle reste sélectionnée.|Prueba otra búsqueda o filtro. Tu colección o sección actual seguirá seleccionada.|Probiere eine andere Suche oder einen anderen Filter. Die aktuelle Sammlung oder der Bibliotheksbereich bleibt ausgewählt.|別の検索やフィルタを試してください。現在のコレクションやライブラリの選択は維持されます。|कोई दूसरी खोज या फ़िल्टर आज़माएँ। आपका मौजूदा कलेक्शन या लाइब्रेरी सेक्शन चुना रहेगा।|请尝试其他搜索或筛选条件。当前收藏集或字体库分区将保持选中。|請嘗試其他搜尋或篩選條件。目前收藏集或字體庫區段將保持選取。|Tente outra busca ou filtro. A coleção ou seção atual continuará selecionada.|Prova un’altra ricerca o filtro. La raccolta o sezione attuale rimarrà selezionata.|다른 검색어나 필터를 사용해 보세요. 현재 모음 또는 라이브러리 섹션은 선택된 상태로 유지됩니다.
Browse all fonts or add a font folder.|Parcourez toutes les polices ou ajoutez un dossier.|Explora todas las fuentes o añade una carpeta.|Durchsuche alle Schriften oder füge einen Schriftordner hinzu.|すべてのフォントを見るか、フォントフォルダを追加してください。|सभी फ़ॉन्ट ब्राउज़ करें या फ़ॉन्ट फ़ोल्डर जोड़ें।|浏览所有字体或添加字体文件夹。|瀏覽所有字體或加入字體檔案夾。|Explore todas as fontes ou adicione uma pasta.|Sfoglia tutti i font o aggiungi una cartella.|모든 서체를 둘러보거나 서체 폴더를 추가하세요.
You grant access through the macOS folder picker. Local builds pause saved watches that include Desktop, Documents or Downloads when Typefield opens, avoiding repeated system permission prompts. Resume a paused watch from Live Folders when you need it. Stopping a watch leaves the original font files in place.|Vous autorisez l’accès via le sélecteur de dossiers de macOS. À l’ouverture, les versions locales suspendent les suivis incluant Bureau, Documents ou Téléchargements pour éviter les demandes répétées. Reprenez-les dans Dossiers suivis si nécessaire. L’arrêt du suivi laisse les fichiers de polices en place.|Concedes acceso mediante el selector de carpetas de macOS. Al abrir Typefield, las versiones locales pausan las supervisiones que incluyen Escritorio, Documentos o Descargas para evitar avisos repetidos. Reanúdalas en Carpetas supervisadas cuando las necesites. Detener la supervisión no mueve las fuentes originales.|Du gewährst Zugriff über die macOS-Ordnerauswahl. Lokale Builds pausieren beim Öffnen gespeicherte Überwachungen mit Schreibtisch, Dokumente oder Downloads, um wiederholte Berechtigungsabfragen zu vermeiden. Setze sie bei Bedarf unter Überwachte Ordner fort. Beim Beenden der Überwachung bleiben die Schriftdateien erhalten.|macOSのフォルダ選択画面でアクセスを許可します。ローカルビルドでは、繰り返し許可を求められないように、起動時にデスクトップ・書類・ダウンロードを含む監視を一時停止します。必要なときに「監視フォルダ」で再開できます。監視を停止しても元のフォントファイルはそのままです。|macOS फ़ोल्डर पिकर से आप ऐक्सेस देते हैं। बार-बार अनुमति माँगने से बचने के लिए स्थानीय बिल्ड खुलने पर Desktop, Documents या Downloads वाले सहेजे गए निगरानी कार्य रोक देते हैं। ज़रूरत पर निगरानी वाले फ़ोल्डर से फिर शुरू करें। निगरानी रोकने पर मूल फ़ॉन्ट फ़ाइलें वहीं रहती हैं।|您通过 macOS 文件夹选择器授予访问权限。本地构建在 Typefield 启动时会暂停包含桌面、文稿或下载目录的已保存监控，以避免重复的系统权限提示。需要时可在“监控文件夹”中恢复。停止监控不会移动原始字体文件。|您透過 macOS 檔案夾選擇器授予存取權限。本機版本在 Typefield 啟動時會暫停包含桌面、文件或下載目錄的已儲存監控，以避免重複的系統權限提示。需要時可在「監控檔案夾」中繼續。停止監控不會移動原始字體檔案。|Você concede acesso pelo seletor de pastas do macOS. Versões locais pausam monitoramentos que incluem Mesa, Documentos ou Downloads ao abrir o Typefield, evitando pedidos repetidos de permissão. Retome em Pastas monitoradas quando precisar. Parar o monitoramento mantém os arquivos de fontes no lugar.|Concedi l’accesso dal selettore cartelle di macOS. All’apertura, le versioni locali sospendono i monitoraggi che includono Scrivania, Documenti o Download per evitare richieste ripetute. Riprendili da Cartelle monitorate quando servono. Interrompere il monitoraggio lascia i file originali al loro posto.|macOS 폴더 선택기를 통해 접근을 허용합니다. 로컬 빌드는 반복적인 권한 요청을 피하기 위해 Typefield를 열 때 데스크탑, 문서 또는 다운로드가 포함된 모니터링을 일시 정지합니다. 필요할 때 모니터링 폴더에서 재개하세요. 모니터링을 중지해도 원본 서체 파일은 유지됩니다.
Browsing Google Fonts contacts Google’s public font repository on GitHub for previews. Downloads also retrieve font files and licenses. GitHub receives normal connection information such as your IP address and the requested public file path. Preview text is rendered locally and is not sent. Remote previews use an ephemeral network session and an in-memory font cache; explicit downloads are saved locally.|La consultation de Google Fonts contacte le dépôt public de Google sur GitHub pour les aperçus. Les téléchargements récupèrent aussi les fichiers et licences. GitHub reçoit les données de connexion habituelles, comme l’adresse IP et le chemin public demandé. Le texte d’aperçu est rendu localement et n’est pas envoyé. Les aperçus distants utilisent une session temporaire et un cache en mémoire ; les téléchargements explicites sont enregistrés localement.|Explorar Google Fonts conecta con el repositorio público de Google en GitHub para las vistas previas. Las descargas también obtienen archivos y licencias. GitHub recibe información habitual, como tu dirección IP y la ruta pública solicitada. El texto se renderiza localmente y no se envía. Las vistas remotas usan una sesión temporal y una caché en memoria; las descargas explícitas se guardan localmente.|Beim Durchsuchen von Google Fonts werden Vorschauen aus Googles öffentlichem GitHub-Repository abgerufen. Downloads enthalten auch Schriftdateien und Lizenzen. GitHub erhält übliche Verbindungsdaten wie IP-Adresse und angeforderten öffentlichen Dateipfad. Vorschautext wird lokal gerendert und nicht gesendet. Remote-Vorschauen nutzen eine temporäre Netzwerksitzung und einen Speicher-Cache; ausdrückliche Downloads werden lokal gespeichert.|Google Fontsの閲覧時は、プレビューのためにGitHub上のGoogleの公開フォントリポジトリへ接続します。ダウンロードではフォントファイルとライセンスも取得します。GitHubにはIPアドレスや要求した公開ファイルのパスなど、通常の接続情報が送られます。プレビューテキストはローカルで描画され、送信されません。リモートプレビューは一時的なネットワークセッションとメモリ内キャッシュを使い、明示的なダウンロードはローカルに保存します。|Google Fonts ब्राउज़ करते समय प्रीव्यू के लिए GitHub पर Google के सार्वजनिक फ़ॉन्ट रिपॉज़िटरी से संपर्क होता है। डाउनलोड में फ़ॉन्ट फ़ाइलें और लाइसेंस भी मिलते हैं। GitHub को IP पते और माँगी गई सार्वजनिक फ़ाइल के पथ जैसी सामान्य कनेक्शन जानकारी मिलती है। प्रीव्यू टेक्स्ट स्थानीय रूप से रेंडर होता है और भेजा नहीं जाता। रिमोट प्रीव्यू अस्थायी नेटवर्क सत्र और मेमोरी कैश इस्तेमाल करते हैं; आपके किए गए डाउनलोड स्थानीय रूप से सहेजे जाते हैं।|浏览 Google Fonts 时，会连接 GitHub 上 Google 的公开字体仓库以获取预览。下载还会获取字体文件和许可证。GitHub 会收到 IP 地址、请求的公开文件路径等常规连接信息。预览文本在本地渲染，不会发送。远程预览使用临时网络会话和内存字体缓存；主动下载的文件保存在本地。|瀏覽 Google Fonts 時，會連接 GitHub 上 Google 的公開字體儲存庫以取得預覽。下載還會取得字體檔案和授權條款。GitHub 會收到 IP 位址、請求的公開檔案路徑等一般連線資訊。預覽文字在本機算繪，不會傳送。遠端預覽使用暫時性網路連線和記憶體字體快取；主動下載的檔案儲存在本機。|Explorar o Google Fonts acessa o repositório público do Google no GitHub para as prévias. Os downloads também obtêm arquivos e licenças. O GitHub recebe informações normais de conexão, como endereço IP e caminho público solicitado. O texto de prévia é renderizado localmente e não é enviado. As prévias remotas usam uma sessão temporária e cache em memória; downloads explícitos são salvos localmente.|Sfogliare Google Fonts contatta il repository pubblico di Google su GitHub per le anteprime. I download recuperano anche file e licenze. GitHub riceve normali informazioni di connessione, come indirizzo IP e percorso pubblico richiesto. Il testo è renderizzato localmente e non viene inviato. Le anteprime remote usano una sessione temporanea e una cache in memoria; i download espliciti sono salvati localmente.|Google Fonts를 둘러보면 미리보기를 위해 GitHub의 Google 공개 서체 저장소에 연결합니다. 다운로드 시 서체 파일과 라이선스도 받습니다. GitHub는 IP 주소와 요청한 공개 파일 경로 등 일반적인 연결 정보를 받습니다. 미리보기 텍스트는 로컬에서 렌더링되며 전송되지 않습니다. 원격 미리보기는 임시 네트워크 세션과 메모리 캐시를 사용하며, 명시적으로 다운로드한 파일은 로컬에 저장됩니다.
When automatic checks are enabled, Typefield contacts typefield.app to look for published updates. Installing an update downloads a signed app from our public GitHub releases. These services receive normal connection information; your fonts, library, and projects are never sent. You can turn automatic checks off in Updates.|Quand les vérifications automatiques sont activées, Typefield contacte typefield.app pour rechercher les mises à jour publiées. L’installation télécharge une app signée depuis nos versions publiques GitHub. Ces services reçoivent les informations de connexion habituelles ; vos polices, bibliothèque et projets ne sont jamais envoyés. Désactivez les vérifications dans Mises à jour.|Con las comprobaciones automáticas activadas, Typefield conecta con typefield.app para buscar actualizaciones publicadas. La instalación descarga una app firmada de nuestras versiones públicas en GitHub. Estos servicios reciben información normal de conexión; nunca se envían tus fuentes, biblioteca ni proyectos. Puedes desactivar las comprobaciones en Actualizaciones.|Bei automatischen Prüfungen fragt Typefield unter typefield.app nach veröffentlichten Updates. Die Installation lädt eine signierte App aus unseren öffentlichen GitHub-Releases. Diese Dienste erhalten übliche Verbindungsdaten; Schriften, Bibliothek und Projekte werden nie gesendet. Automatische Prüfungen lassen sich unter Updates deaktivieren.|自動確認が有効な場合、Typefieldは公開されたアップデートを探すためにtypefield.appへ接続します。インストール時には公開GitHubリリースから署名済みのアプリをダウンロードします。これらのサービスには通常の接続情報が送られますが、フォント、ライブラリ、プロジェクトは送信されません。「アップデート」で自動確認を無効にできます。|अपने आप जाँच चालू होने पर Typefield प्रकाशित अपडेट खोजने के लिए typefield.app से संपर्क करता है। अपडेट इंस्टॉल करने पर सार्वजनिक GitHub रिलीज़ से हस्ताक्षरित ऐप डाउनलोड होता है। इन सेवाओं को सामान्य कनेक्शन जानकारी मिलती है; आपके फ़ॉन्ट, लाइब्रेरी और प्रोजेक्ट कभी नहीं भेजे जाते। अपडेट में ऑटोमैटिक जाँच बंद कर सकते हैं।|启用自动检查后，Typefield 会连接 typefield.app 查找已发布的更新。安装更新时，会从公开的 GitHub 版本中下载经过签名的应用。这些服务会收到常规连接信息；您的字体、字体库和项目绝不会发送。您可在“更新”中关闭自动检查。|啟用自動檢查後，Typefield 會連接 typefield.app 尋找已發布的更新。安裝更新時，會從公開的 GitHub 版本下載經過簽署的 App。這些服務會收到一般連線資訊；您的字體、字體庫和專案絕不會傳送。您可在「更新」中關閉自動檢查。|Com verificações automáticas ativas, o Typefield acessa typefield.app para buscar atualizações publicadas. A instalação baixa um app assinado de nossas versões públicas no GitHub. Esses serviços recebem informações normais de conexão; suas fontes, biblioteca e projetos nunca são enviados. Desative as verificações em Atualizações.|Con i controlli automatici attivi, Typefield contatta typefield.app per cercare aggiornamenti pubblicati. L’installazione scarica un’app firmata dalle nostre versioni pubbliche su GitHub. Questi servizi ricevono normali informazioni di connessione; font, libreria e progetti non vengono mai inviati. Puoi disattivare i controlli in Aggiornamenti.|자동 확인을 켜면 Typefield는 게시된 업데이트를 찾기 위해 typefield.app에 연결합니다. 업데이트 설치 시 공개 GitHub 릴리스에서 서명된 앱을 다운로드합니다. 이 서비스들은 일반적인 연결 정보를 받지만 서체, 라이브러리, 프로젝트는 절대 전송되지 않습니다. 업데이트에서 자동 확인을 끌 수 있습니다.
Exports are saved where you choose. Figma, Adobe, and developer handoffs refer to fonts by name and do not contain font binaries. Adobe scripts are saved for you to run manually. Use or export only fonts and artwork you have permission to use; Typefield cannot verify redistribution, embedding, or commercial-use rights.|Les exports sont enregistrés où vous le souhaitez. Les transferts Figma, Adobe et développeur citent les polices par leur nom sans inclure leurs fichiers. Les scripts Adobe sont enregistrés pour une exécution manuelle. Utilisez ou exportez uniquement des polices et dessins autorisés ; Typefield ne peut pas vérifier les droits de redistribution, d’incorporation ou d’usage commercial.|Las exportaciones se guardan donde elijas. Los archivos para Figma, Adobe y desarrollo hacen referencia a las fuentes por nombre y no incluyen sus archivos binarios. Los scripts de Adobe se guardan para ejecutarlos manualmente. Usa o exporta solo fuentes e ilustraciones autorizadas; Typefield no puede verificar derechos de redistribución, incrustación o uso comercial.|Exporte werden am gewählten Ort gesichert. Figma-, Adobe- und Entwicklerübergaben verweisen auf Schriftnamen und enthalten keine Schriftdateien. Adobe-Skripte werden zur manuellen Ausführung gespeichert. Verwende oder exportiere nur erlaubte Schriften und Grafiken; Typefield kann Rechte zur Weitergabe, Einbettung oder kommerziellen Nutzung nicht prüfen.|書き出したファイルは選択した場所に保存されます。Figma、Adobe、開発者向けの引き渡しデータはフォントを名前で参照し、フォント本体は含みません。Adobeスクリプトは手動で実行するために保存されます。使用権限のあるフォントや画像のみを使用・書き出してください。Typefieldは再配布、埋め込み、商用利用の権利を確認できません。|एक्सपोर्ट आपकी चुनी जगह पर सहेजे जाते हैं। Figma, Adobe और डेवलपर हैंडऑफ़ फ़ॉन्ट का नाम देते हैं, फ़ॉन्ट फ़ाइलें शामिल नहीं करते। Adobe स्क्रिप्ट आपके मैनुअल चलाने के लिए सहेजी जाती हैं। केवल अनुमति वाले फ़ॉन्ट और कलाकृति इस्तेमाल या एक्सपोर्ट करें; Typefield पुनर्वितरण, एम्बेडिंग या व्यावसायिक उपयोग के अधिकार नहीं जाँच सकता।|导出文件保存在您选择的位置。Figma、Adobe 和开发者交付文件按名称引用字体，不包含字体文件。Adobe 脚本会保存下来供您手动运行。请仅使用或导出您有权使用的字体和图稿；Typefield 无法验证再分发、嵌入或商业使用权限。|輸出檔案儲存在您選擇的位置。Figma、Adobe 和開發者交付檔案依名稱參照字體，不包含字體檔案。Adobe 指令稿會儲存供您手動執行。請僅使用或輸出您有權使用的字體和圖稿；Typefield 無法驗證再散布、嵌入或商業使用權限。|As exportações são salvas onde você escolher. As entregas para Figma, Adobe e desenvolvimento referenciam fontes pelo nome e não incluem arquivos de fontes. Scripts Adobe são salvos para execução manual. Use ou exporte apenas fontes e arte com permissão; o Typefield não verifica direitos de redistribuição, incorporação ou uso comercial.|Le esportazioni sono salvate dove scegli. I file per Figma, Adobe e sviluppatori citano i font per nome e non includono i file dei font. Gli script Adobe sono salvati per l’esecuzione manuale. Usa o esporta solo font e disegni autorizzati; Typefield non può verificare i diritti di ridistribuzione, incorporamento o uso commerciale.|내보낸 파일은 선택한 위치에 저장됩니다. Figma, Adobe, 개발자 전달 파일은 서체 이름을 참조하며 서체 파일을 포함하지 않습니다. Adobe 스크립트는 직접 실행할 수 있도록 저장됩니다. 사용 권한이 있는 서체와 아트워크만 사용하거나 내보내세요. Typefield는 재배포, 임베딩, 상업적 사용 권한을 확인할 수 없습니다.
Project name|Nom du projet|Nombre del proyecto|Projektname|プロジェクト名|प्रोजेक्ट का नाम|项目名称|專案名稱|Nome do projeto|Nome progetto|프로젝트 이름
Export typeboard|Exporter la planche|Exportar tablero|Typografie-Board exportieren|ボードを書き出す|टाइपबोर्ड एक्सपोर्ट करें|导出排版板|輸出排版板|Exportar painel|Esporta tavola|타이포보드 내보내기
Canvases|Canevas|Lienzos|Zeichenflächen|キャンバス|कैनवस|画布|畫布|Telas|Tele|캔버스
Export format|Format d’export|Formato de exportación|Exportformat|書き出し形式|एक्सपोर्ट फ़ॉर्मैट|导出格式|輸出格式|Formato de exportação|Formato di esportazione|내보내기 형식
Canvas scope|Canevas à exporter|Alcance de lienzos|Zeichenflächenauswahl|キャンバスの範囲|कैनवस का दायरा|画布范围|畫布範圍|Escopo das telas|Ambito tele|캔버스 범위
Typography summary|Résumé typographique|Resumen tipográfico|Typografieübersicht|タイポグラフィの概要|टाइपोग्राफ़ी सारांश|排版摘要|排版摘要|Resumo tipográfico|Riepilogo tipografico|타이포그래피 요약
Web-font performance|Performances des polices web|Rendimiento de fuentes web|Webfont-Leistung|Webフォントの性能|वेब फ़ॉन्ट प्रदर्शन|网页字体性能|網頁字體效能|Desempenho de fontes web|Prestazioni font web|웹 서체 성능
Developer handoff|Transmission aux développeurs|Entrega a desarrollo|Entwicklerübergabe|開発者向け引き渡し|डेवलपर हैंडऑफ़|开发者交付|開發者交付|Entrega para desenvolvimento|Consegna agli sviluppatori|개발자 전달
Preview PDF|PDF d’aperçu|PDF de vista previa|Vorschau-PDF|プレビューPDF|प्रीव्यू PDF|预览 PDF|預覽 PDF|PDF de prévia|PDF di anteprima|미리보기 PDF
Editable Figma layout|Mise en page Figma modifiable|Diseño Figma editable|Editierbares Figma-Layout|編集可能なFigmaレイアウト|संपादन योग्य Figma लेआउट|可编辑 Figma 布局|可編輯 Figma 版面|Layout Figma editável|Layout Figma modificabile|편집 가능한 Figma 레이아웃
Shown canvases|Canevas visibles|Lienzos visibles|Sichtbare Zeichenflächen|表示中のキャンバス|दिख रहे कैनवस|可见画布|可見畫布|Telas visíveis|Tele visibili|표시된 캔버스
All canvases|Tous les canevas|Todos los lienzos|Alle Zeichenflächen|すべてのキャンバス|सभी कैनवस|所有画布|所有畫布|Todas as telas|Tutte le tele|모든 캔버스
Current canvas|Canevas actuel|Lienzo actual|Aktuelle Zeichenfläche|現在のキャンバス|वर्तमान कैनवस|当前画布|目前畫布|Tela atual|Tela attuale|현재 캔버스
Choose canvases|Choisir les canevas|Elegir lienzos|Zeichenflächen wählen|キャンバスを選択|कैनवस चुनें|选择画布|選擇畫布|Escolher telas|Scegli tele|캔버스 선택
Plain text (.txt)|Texte brut (.txt)|Texto sin formato (.txt)|Nur Text (.txt)|標準テキスト（.txt）|सादा टेक्स्ट (.txt)|纯文本 (.txt)|純文字 (.txt)|Texto simples (.txt)|Testo semplice (.txt)|일반 텍스트 (.txt)
Type system PDF|PDF du système typographique|PDF del sistema tipográfico|Typografiesystem-PDF|文字体系のPDF|टाइप सिस्टम PDF|字体系统 PDF|字體系統 PDF|PDF do sistema tipográfico|PDF del sistema tipografico|타이포그래피 시스템 PDF
Summary file format|Format du fichier résumé|Formato del archivo de resumen|Format der Übersicht|概要ファイルの形式|सारांश फ़ाइल फ़ॉर्मैट|摘要文件格式|摘要檔案格式|Formato do arquivo de resumo|Formato file riepilogo|요약 파일 형식
Summary detail|Détail du résumé|Detalle del resumen|Detailgrad der Übersicht|概要の詳細度|सारांश का विवरण|摘要详细程度|摘要詳細程度|Detalhe do resumo|Dettaglio riepilogo|요약 상세 수준
Copied|Copié|Copiado|Kopiert|コピー済み|कॉपी हो गया|已拷贝|已拷貝|Copiado|Copiato|복사됨
Copy summary|Copier le résumé|Copiar resumen|Übersicht kopieren|概要をコピー|सारांश कॉपी करें|拷贝摘要|拷貝摘要|Copiar resumo|Copia riepilogo|요약 복사
Open report|Ouvrir le rapport|Abrir informe|Bericht öffnen|レポートを開く|रिपोर्ट खोलें|打开报告|打開報告|Abrir relatório|Apri rapporto|보고서 열기
Previews use fallback fonts.|Les aperçus utilisent des polices de remplacement.|Las vistas previas usan fuentes de sustitución.|Vorschauen verwenden Ersatzschriften.|プレビューでは代替フォントを使用します。|प्रीव्यू वैकल्पिक फ़ॉन्ट इस्तेमाल करते हैं।|预览使用替代字体。|預覽使用替代字體。|As prévias usam fontes alternativas.|Le anteprime usano font sostitutivi.|미리보기에는 대체 서체가 사용됩니다.
Select a canvas to preview its typography.|Sélectionnez un canevas pour voir sa typographie.|Selecciona un lienzo para ver su tipografía.|Wähle eine Zeichenfläche zur Typografievorschau.|キャンバスを選択してタイポグラフィを確認します。|टाइपोग्राफ़ी देखने के लिए कैनवस चुनें।|选择画布以预览其排版。|選擇畫布以預覽其排版。|Selecione uma tela para ver sua tipografia.|Seleziona una tela per vedere la tipografia.|캔버스를 선택하여 타이포그래피를 미리 보세요.
Export selected as SVGs…|Exporter la sélection en SVG…|Exportar selección como SVG…|Auswahl als SVG exportieren…|選択項目をSVGで書き出す…|चुने हुए SVG के रूप में एक्सपोर्ट करें…|将所选项导出为 SVG…|將所選項輸出為 SVG…|Exportar seleção como SVG…|Esporta selezione come SVG…|선택 항목을 SVG로 내보내기…
Export all drawn glyphs as SVGs…|Exporter tous les glyphes dessinés en SVG…|Exportar todos los glifos dibujados como SVG…|Alle gezeichneten Glyphen als SVG exportieren…|作成済みの全字形をSVGで書き出す…|सभी बनाए गए ग्लिफ़ SVG में एक्सपोर्ट करें…|将所有已绘制字形导出为 SVG…|將所有已繪製字形輸出為 SVG…|Exportar todos os glifos desenhados como SVG…|Esporta tutti i glifi disegnati come SVG…|그린 모든 글리프를 SVG로 내보내기…
Export installable TrueType (.ttf)…|Exporter une police TrueType installable (.ttf)…|Exportar TrueType instalable (.ttf)…|Installierbare TrueType-Schrift exportieren (.ttf)…|インストール可能なTrueTypeを書き出す（.ttf）…|इंस्टॉल करने योग्य TrueType (.ttf) एक्सपोर्ट करें…|导出可安装的 TrueType (.ttf)…|輸出可安裝的 TrueType (.ttf)…|Exportar TrueType instalável (.ttf)…|Esporta TrueType installabile (.ttf)…|설치 가능한 TrueType (.ttf) 내보내기…
Export variable TrueType (.ttf)…|Exporter une police TrueType variable (.ttf)…|Exportar TrueType variable (.ttf)…|Variable TrueType-Schrift exportieren (.ttf)…|バリアブルTrueTypeを書き出す（.ttf）…|वेरिएबल TrueType (.ttf) एक्सपोर्ट करें…|导出可变 TrueType (.ttf)…|輸出可變 TrueType (.ttf)…|Exportar TrueType variável (.ttf)…|Esporta TrueType variabile (.ttf)…|가변 TrueType (.ttf) 내보내기…
Continue to save…|Continuer pour enregistrer…|Continuar para guardar…|Zum Sichern fortfahren…|保存に進む…|सहेजने के लिए जारी रखें…|继续保存…|繼續儲存…|Continuar para salvar…|Continua per salvare…|계속하여 저장…
Word Proof|Aperçu de mots|Prueba de palabras|Wortprobe|単語プレビュー|शब्द प्रूफ़|单词校样|單字校樣|Prova de palavras|Prova delle parole|단어 교정
Show window|Afficher la fenêtre|Mostrar ventana|Fenster anzeigen|ウインドウを表示|विंडो दिखाएँ|显示窗口|顯示視窗|Mostrar janela|Mostra finestra|윈도우 보기
Bring back here|Ramener ici|Traer aquí|Hierher zurückholen|ここに戻す|यहाँ वापस लाएँ|移回此处|移回此處|Trazer de volta|Riporta qui|여기로 가져오기
Families: %lld · Matching styles: %lld · Library styles: %lld|Familles : %lld · Styles correspondants : %lld · Styles dans la bibliothèque : %lld|Familias: %lld · Estilos coincidentes: %lld · Estilos en biblioteca: %lld|Familien: %lld · Passende Stile: %lld · Stile in der Bibliothek: %lld|ファミリー：%lld · 一致するスタイル：%lld · ライブラリのスタイル：%lld|फ़ैमिली: %lld · मेल खाती शैलियाँ: %lld · लाइब्रेरी शैलियाँ: %lld|字族：%lld · 匹配样式：%lld · 字体库样式：%lld|字族：%lld · 符合樣式：%lld · 字體庫樣式：%lld|Famílias: %lld · Estilos correspondentes: %lld · Estilos na biblioteca: %lld|Famiglie: %lld · Stili corrispondenti: %lld · Stili nella libreria: %lld|서체군: %lld · 일치하는 스타일: %lld · 라이브러리 스타일: %lld
Create a collection|Créer une collection|Crear una colección|Sammlung erstellen|コレクションを作成|कलेक्शन बनाएँ|创建收藏集|建立收藏集|Criar coleção|Crea raccolta|모음 만들기
Create font collection|Créer une collection de polices|Crear colección de fuentes|Schriftsammlung erstellen|フォントコレクションを作成|फ़ॉन्ट कलेक्शन बनाएँ|创建字体收藏集|建立字體收藏集|Criar coleção de fontes|Crea raccolta di font|서체 모음 만들기
Choose a name. Existing contents will stay unchanged.|Choisissez un nom. Le contenu existant restera inchangé.|Elige un nombre. El contenido existente no cambiará.|Wähle einen Namen. Vorhandene Inhalte bleiben unverändert.|名前を選んでください。既存の内容は変わりません。|नाम चुनें। मौजूदा कंटेंट नहीं बदलेगा।|请选择名称。现有内容不会更改。|請選擇名稱。現有內容不會變更。|Escolha um nome. O conteúdo existente não será alterado.|Scegli un nome. I contenuti esistenti non cambieranno.|이름을 선택하세요. 기존 내용은 변경되지 않습니다.
No fonts match this view.|Aucune police ne correspond à cette vue.|Ninguna fuente coincide con esta vista.|Keine Schriften passen zu dieser Ansicht.|この表示に一致するフォントはありません。|इस दृश्य से कोई फ़ॉन्ट मेल नहीं खाता।|没有字体匹配此视图。|沒有字體符合此顯示。|Nenhuma fonte corresponde a esta visualização.|Nessun font corrisponde a questa vista.|이 보기에 일치하는 서체가 없습니다.
Search fonts or tags|Rechercher des polices ou étiquettes|Buscar fuentes o etiquetas|Schriften oder Tags suchen|フォントやタグを検索|फ़ॉन्ट या टैग खोजें|搜索字体或标签|搜尋字體或標籤|Buscar fontes ou etiquetas|Cerca font o tag|서체 또는 태그 검색
Refresh installed fonts|Actualiser les polices installées|Actualizar fuentes instaladas|Installierte Schriften aktualisieren|インストール済みフォントを更新|इंस्टॉल फ़ॉन्ट रीफ़्रेश करें|刷新已安装字体|重新整理已安裝字體|Atualizar fontes instaladas|Aggiorna font installati|설치된 서체 새로 고침
Search tags and font properties|Rechercher des étiquettes et propriétés|Buscar etiquetas y propiedades|Tags und Schrifteigenschaften suchen|タグとフォントの属性を検索|टैग और फ़ॉन्ट गुण खोजें|搜索标签和字体属性|搜尋標籤和字體屬性|Buscar etiquetas e propriedades|Cerca tag e proprietà dei font|태그 및 서체 속성 검색
Organization|Organisation|Organización|Organisation|整理|व्यवस्था|整理|整理|Organização|Organizzazione|정리
Metadata table|Table des métadonnées|Tabla de metadatos|Metadatentabelle|メタデータ表|मेटाडेटा तालिका|元数据表|中繼資料表|Tabela de metadados|Tabella metadati|메타데이터 표
Backup & migration|Sauvegarde et migration|Copia de seguridad y migración|Sicherung & Migration|バックアップと移行|बैकअप और माइग्रेशन|备份与迁移|備份與移轉|Backup e migração|Backup e migrazione|백업 및 마이그레이션
Font files|Fichiers de polices|Archivos de fuentes|Schriftdateien|フォントファイル|फ़ॉन्ट फ़ाइलें|字体文件|字體檔案|Arquivos de fontes|File dei font|서체 파일
Select an object|Sélectionnez un objet|Selecciona un objeto|Objekt auswählen|オブジェクトを選択|ऑब्जेक्ट चुनें|选择对象|選取物件|Selecione um objeto|Seleziona un oggetto|객체 선택
Click text, a shape or an image to inspect it. Use Marquee to select several objects.|Cliquez sur un texte, une forme ou une image pour l’inspecter. Utilisez la sélection rectangulaire pour plusieurs objets.|Haz clic en texto, una forma o una imagen para inspeccionarla. Usa selección rectangular para varios objetos.|Klicke auf Text, eine Form oder ein Bild, um es zu prüfen. Wähle mehrere Objekte mit dem Auswahlrahmen.|テキスト、図形、画像をクリックして詳細を表示します。複数の選択には範囲選択を使います。|टेक्स्ट, आकृति या चित्र पर क्लिक करके जाँचें। कई ऑब्जेक्ट चुनने के लिए आयताकार चयन इस्तेमाल करें।|点击文本、形状或图像以检查属性。使用框选工具选择多个对象。|點按文字、形狀或影像以檢查屬性。使用框選工具選取多個物件。|Clique em texto, forma ou imagem para inspecionar. Use a seleção retangular para vários objetos.|Fai clic su testo, forma o immagine per ispezionarla. Usa la selezione rettangolare per più oggetti.|텍스트, 도형 또는 이미지를 클릭하여 속성을 확인하세요. 여러 객체는 사각 선택으로 선택하세요.
Add rectangle|Ajouter un rectangle|Añadir rectángulo|Rechteck hinzufügen|長方形を追加|आयत जोड़ें|添加矩形|加入矩形|Adicionar retângulo|Aggiungi rettangolo|사각형 추가
Add image or artwork…|Ajouter une image ou un dessin…|Añadir imagen o ilustración…|Bild oder Grafik hinzufügen…|画像やアートワークを追加…|चित्र या कलाकृति जोड़ें…|添加图像或图稿…|加入影像或圖稿…|Adicionar imagem ou arte…|Aggiungi immagine o disegno…|이미지 또는 아트워크 추가…
Collapse inspector|Réduire l’inspecteur|Contraer inspector|Inspektor einklappen|インスペクタを折りたたむ|इंस्पेक्टर समेटें|折叠检查器|收合檢查器|Recolher inspetor|Comprimi inspector|속성 패널 접기
Dock inspector|Rattacher l’inspecteur|Acoplar inspector|Inspektor andocken|インスペクタを戻す|इंस्पेक्टर डॉक करें|停靠检查器|停駐檢查器|Acoplar inspetor|Aggancia inspector|속성 패널 도킹
Fit width|Ajuster la largeur|Ajustar ancho|Breite einpassen|幅に合わせる|चौड़ाई फ़िट करें|适合宽度|符合寬度|Ajustar largura|Adatta larghezza|너비에 맞추기
iPad & tablet|iPad et tablette|iPad y tableta|iPad & Stifttablett|iPad・ペンタブレット|iPad और टैबलेट|iPad 与数位板|iPad 與繪圖板|iPad e mesa digitalizadora|iPad e tavoletta|iPad 및 태블릿
Start sketching|Commencer à dessiner|Empezar a dibujar|Skizzieren starten|スケッチを開始|स्केच शुरू करें|开始手绘|開始手繪|Começar a desenhar|Inizia a disegnare|스케치 시작
Pen input detected|Saisie au stylet détectée|Entrada de lápiz detectada|Stifteingabe erkannt|ペン入力を検出|पेन इनपुट मिला|已检测到笔输入|已偵測到筆輸入|Entrada da caneta detectada|Input della penna rilevato|펜 입력 감지됨
Show metrics & spacing|Afficher les métriques et l’espacement|Mostrar métricas y espaciado|Metriken und Abstände anzeigen|メトリクスと間隔を表示|मेट्रिक्स और अंतर दिखाएँ|显示度量与间距|顯示度量與間距|Mostrar métricas e espaçamento|Mostra metriche e spaziatura|메트릭 및 간격 표시
